Költséghely;SzC-megnevezés;Költséghely-megnevezés;Szekrény/fakk;Dolgozó;Vezetéknév;Keresztnév;Cikksz.;Megnevezés;Méret;Vonalkód;Óra/darab?;StátuszMegnev;Változat;bevonás;NévCímke;Logó;Módosítások;Kiolvasás 1;Beolvasás 1;Aktuális nettó amortizációs érték
1;HGA Biomed, Kap, Jutai 50.;HGA Biomed, Kap, Jutai 50.;;0001;Klemm;Zoltán;;Deréknadrág zöld SM-COLOR, A, KÜ;52/105;1351386768;1;Aktív;;;;;5 cl;;;0
1;HGA Biomed, Kap, Jutai 50.;HGA Biomed, Kap, Jutai 50.;;0001;Klemm;Zoltán;;Deréknadrág zöld SM-COLOR, A, KÜ;56/110;1353672241;1;Aktív;;;;;;;;0
1;HGA Biomed, Kap, Jutai 50.;HGA Biomed, Kap, Jutai 50.;;0001;Klemm;Zoltán;;Rövid ujjú Póló, fehér, KSZ, A;XL;2021176764;1;Aktív;;;;;;;;0
1;HGA Biomed, Kap, Jutai 50.;HGA Biomed, Kap, Jutai 50.;;0001;Klemm;Zoltán;;Kazak, unisex, fehér, oldalzsebes;;1377446934;1;Aktív;;;;;;;;0
1;HGA Biomed, Kap, Jutai 50.;HGA Biomed, Kap, Jutai 50.;;0001;Klemm;Zoltán;;Póló, bottlezöld, A;XL;2014823934;1;Aktív;;;;;;;;0
1;HGA Biomed, Kap, Jutai 50.;HGA Biomed, Kap, Jutai 50.;;0001;Klemm;Zoltán;;Férfi nadrág, WhiteLine, zsebes A;52/105;1386656386;1;Aktív;;;;;;;;0
1;HGA Biomed, Kap, Jutai 50.;HGA Biomed, Kap, Jutai 50.;;0001;Klemm;Zoltán;;Rövid ujjú Póló, fehér, KSZ, A;XL;2021313442;1;Aktív;;;;;;;;0
1;HGA Biomed, Kap, Jutai 50.;HGA Biomed, Kap, Jutai 50.;;0001;Klemm;Zoltán;;Rövid ujjú Póló, fehér, KSZ, A;XL;2021312667;1;Aktív;;;;;;;;0
1;HGA Biomed, Kap, Jutai 50.;HGA Biomed, Kap, Jutai 50.;;0001;Klemm;Zoltán;;Férfi nadrág, WhiteLine, zsebes A;56/110;2046068464;1;Aktív;;;;;;;;0
1;HGA Biomed, Kap, Jutai 50.;HGA Biomed, Kap, Jutai 50.;;0001;Klemm;Zoltán;;Póló, bottlezöld, A;XL;2014824429;1;Aktív;;;;;;;;0
1;HGA Biomed, Kap, Jutai 50.;HGA Biomed, Kap, Jutai 50.;;0001;Klemm;Zoltán;;Férfi nadrág, WhiteLine, zsebes A;56/110;2007745793;1;Aktív;;;;;;;;0
1;HGA Biomed, Kap, Jutai 50.;HGA Biomed, Kap, Jutai 50.;;0001;Klemm;Zoltán;;Férfi köpeny zöld SM-COLOR B1, KÜ;48/105;1356009884;1;Aktív;;;;;;;;0
1;HGA Biomed, Kap, Jutai 50.;HGA Biomed, Kap, Jutai 50.;;0001;Klemm;Zoltán;;Rövid ujjú Póló, fehér, KSZ, A;XL;2021165799;1;Aktív;;;;;;;;0
1;HGA Biomed, Kap, Jutai 50.;HGA Biomed, Kap, Jutai 50.;;0001;Klemm;Zoltán;;Póló, bottlezöld, A;XL;2014823767;1;Aktív;;;;;;;;0
1;HGA Biomed, Kap, Jutai 50.;HGA Biomed, Kap, Jutai 50.;;0001;Klemm;Zoltán;;Férfi nadrág, WhiteLine, zsebes A;56/110;2007745960;1;Aktív;;;;;;;;0
1;HGA Biomed, Kap, Jutai 50.;HGA Biomed, Kap, Jutai 50.;;0001;Klemm;Zoltán;;Férfi nadrág, WhiteLine, zsebes A;52/105;2005108934;1;Aktív;;;;;;;;0
1;HGA Biomed, Kap, Jutai 50.;HGA Biomed, Kap, Jutai 50.;;0001;Klemm;Zoltán;;Kazak, unisex, fehér, oldalzsebes;;1377447511;1;Aktív;;;;;;;;0
1;HGA Biomed, Kap, Jutai 50.;HGA Biomed, Kap, Jutai 50.;;0001;Klemm;Zoltán;;Deréknadrág zöld SM-COLOR, A, KÜ;52/1.05;1355395087;1;Aktív;;;;;;;;0
1;HGA Biomed, Kap, Jutai 50.;HGA Biomed, Kap, Jutai 50.;;0001;Klemm;Zoltán;;Férfi köpeny zöld SM-COLOR B1, KÜ;48/105;1354517572;1;Aktív;;;;;;;;0
1;HGA Biomed, Kap, Jutai 50.;HGA Biomed, Kap, Jutai 50.;;0001;Klemm;Zoltán;;Kazak, unisex, fehér, oldalzsebes;;1377447139;1;Aktív;;;;;;;;0
1;HGA Biomed, Kap, Jutai 50.;HGA Biomed, Kap, Jutai 50.;;0001;Klemm;Zoltán;;Rövid ujjú Póló, fehér, KSZ, A;XL;2021313473;1;Aktív;;;;;;;;0
1;HGA Biomed, Kap, Jutai 50.;HGA Biomed, Kap, Jutai 50.;;0001;Klemm;Zoltán;;Deréknadrág zöld SM-COLOR, A, KÜ;56/110;1353672333;1;Aktív;;;;;Jes;;;0
1;HGA Biomed, Kap, Jutai 50.;HGA Biomed, Kap, Jutai 50.;;0001;Klemm;Zoltán;;Póló, bottlezöld, A;XL;2014730287;1;Aktív;;;;;;;;0
1;HGA Biomed, Kap, Jutai 50.;HGA Biomed, Kap, Jutai 50.;;0001;Klemm;Zoltán;;Deréknadrág zöld SM-COLOR, A, KÜ;52/105;1355222574;1;Aktív;;;;;;;;0
1;HGA Biomed, Kap, Jutai 50.;HGA Biomed, Kap, Jutai 50.;;0001;Klemm;Zoltán;;Póló, bottlezöld, A;XL;2014823989;1;Aktív;;;;;;;;0
1;HGA Biomed, Kap, Jutai 50.;HGA Biomed, Kap, Jutai 50.;;0001;Klemm;Zoltán;;Férfi nadrág, WhiteLine, zsebes A;52/105;2005108477;1;Aktív;;;;;;;;0
1;HGA Biomed, Kap, Jutai 50.;HGA Biomed, Kap, Jutai 50.;;0002;Kubis;Péter;;Férfi nadrág, WhiteLine, zsebes A;56/110;2058087811;1;Aktív;;;;;;;;0
1;HGA Biomed, Kap, Jutai 50.;HGA Biomed, Kap, Jutai 50.;;0002;Kubis;Péter;;Férfi nadrág, WhiteLine, zsebes A;56/110;2058086975;1;Aktív;;;;;;;;0
1;HGA Biomed, Kap, Jutai 50.;HGA Biomed, Kap, Jutai 50.;;0002;Kubis;Péter;;Férfi nadrág, WhiteLine, zsebes A;56/110;2092727063;1;Aktív;;;;;;;;0
1;HGA Biomed, Kap, Jutai 50.;HGA Biomed, Kap, Jutai 50.;;0002;Kubis;Péter;;Póló, bottlezöld, A;XL;2099490229;1;Aktív;;;;;;;;0
1;HGA Biomed, Kap, Jutai 50.;HGA Biomed, Kap, Jutai 50.;;0002;Kubis;Péter;;Póló, bottlezöld, A;XL;2099877334;1;Aktív;;;;;;;;0
1;HGA Biomed, Kap, Jutai 50.;HGA Biomed, Kap, Jutai 50.;;0002;Kubis;Péter;;Deréknadrág zöld SM-COLOR, A, KÜ;56/110;2069229309;1;Aktív;;;;;;;;0
1;HGA Biomed, Kap, Jutai 50.;HGA Biomed, Kap, Jutai 50.;;0002;Kubis;Péter;;Póló, bottlezöld, A;XL;2099491264;1;Aktív;;;;;;;;0
1;HGA Biomed, Kap, Jutai 50.;HGA Biomed, Kap, Jutai 50.;;0002;Kubis;Péter;;Deréknadrág zöld SM-COLOR, A, KÜ;56/110;2069229156;1;Aktív;;;;;;;;0
1;HGA Biomed, Kap, Jutai 50.;HGA Biomed, Kap, Jutai 50.;;0002;Kubis;Péter;;Póló, bottlezöld, A;XL;2099879413;1;Aktív;;;;;;;;0
1;HGA Biomed, Kap, Jutai 50.;HGA Biomed, Kap, Jutai 50.;;0002;Kubis;Péter;;Ffi Kop.WhiteLine oldalzsebesA;56/110;2027417120;1;Aktív;;;;;;;;0
1;HGA Biomed, Kap, Jutai 50.;HGA Biomed, Kap, Jutai 50.;;0002;Kubis;Péter;;Póló, bottlezöld, A;XL;2099491639;1;Aktív;;;;;;;;0
1;HGA Biomed, Kap, Jutai 50.;HGA Biomed, Kap, Jutai 50.;;0002;Kubis;Péter;;Rövid ujjú Póló, fehér, KSZ, A;XL;2094971433;1;Aktív;;;;;;;;0
1;HGA Biomed, Kap, Jutai 50.;HGA Biomed, Kap, Jutai 50.;;0002;Kubis;Péter;;Ffi Kop.WhiteLine oldalzsebesA;56/110;2080461313;1;Aktív;;;;;;;;0
1;HGA Biomed, Kap, Jutai 50.;HGA Biomed, Kap, Jutai 50.;;0002;Kubis;Péter;;Rövid ujjú Póló, fehér, KSZ, A;XL;2099893198;1;Aktív;;;;;;;;0
1;HGA Biomed, Kap, Jutai 50.;HGA Biomed, Kap, Jutai 50.;;0002;Kubis;Péter;;Rövid ujjú Póló, fehér, KSZ, A;XL;2099892849;1;Aktív;;;;;;;;0
1;HGA Biomed, Kap, Jutai 50.;HGA Biomed, Kap, Jutai 50.;;0002;Kubis;Péter;;Rövid ujjú Póló, fehér, KSZ, A;XL;2099861777;1;Aktív;;;;;;;;0
1;HGA Biomed, Kap, Jutai 50.;HGA Biomed, Kap, Jutai 50.;;0002;Kubis;Péter;;Rövid ujjú Póló, fehér, KSZ, A;XL;2099991887;1;Aktív;;;;;;;;0
1;HGA Biomed, Kap, Jutai 50.;HGA Biomed, Kap, Jutai 50.;;0002;Kubis;Péter;;Férfi köpeny zöld SM-COLOR B1, KÜ;56/110;1362476281;1;Aktív;;;;;;;;0
1;HGA Biomed, Kap, Jutai 50.;HGA Biomed, Kap, Jutai 50.;;0002;Kubis;Péter;;Férfi köpeny zöld SM-COLOR B1, KÜ;56/110;1362476298;1;Aktív;;;;;;;;0
1;HGA Biomed, Kap, Jutai 50.;HGA Biomed, Kap, Jutai 50.;;0003;Guráné Szabó;Ágnes;;Póló, bottlezöld, A;;2051072937;1;Aktív;;;;;;;;0
1;HGA Biomed, Kap, Jutai 50.;HGA Biomed, Kap, Jutai 50.;;0003;Guráné Szabó;Ágnes;;Póló, bottlezöld, A;;2052968284;1;Aktív;;;;;;;;0
1;HGA Biomed, Kap, Jutai 50.;HGA Biomed, Kap, Jutai 50.;;0003;Guráné Szabó;Ágnes;;Póló, bottlezöld, A;;2051074726;1;Aktív;;;;;;;;0
1;HGA Biomed, Kap, Jutai 50.;HGA Biomed, Kap, Jutai 50.;;0003;Guráné Szabó;Ágnes;;Női nadrág zöld, SM-COLOR, A, KÜ;48/110;1356814952;1;Aktív;;;;;;;;0
1;HGA Biomed, Kap, Jutai 50.;HGA Biomed, Kap, Jutai 50.;;0003;Guráné Szabó;Ágnes;;Női nadrág zöld, SM-COLOR, A, KÜ;48/110;1356813542;1;Aktív;;;;;;;;0
1;HGA Biomed, Kap, Jutai 50.;HGA Biomed, Kap, Jutai 50.;;0003;Guráné Szabó;Ágnes;;Női köpeny kék SM-COLOR KÜ, A;48/110;2058760455;1;Aktív;;;;;;;;0
1;HGA Biomed, Kap, Jutai 50.;HGA Biomed, Kap, Jutai 50.;;0003;Guráné Szabó;Ágnes;;Női köpeny zöld SM-COLOR, A, KÜ;48/110;2028612661;1;Aktív;;;;;;;;0
1;HGA Biomed, Kap, Jutai 50.;HGA Biomed, Kap, Jutai 50.;;0003;Guráné Szabó;Ágnes;;Női köpeny zöld SM-COLOR, A, KÜ;48/110;2028613330;1;Aktív;;;;;;;;0
1;HGA Biomed, Kap, Jutai 50.;HGA Biomed, Kap, Jutai 50.;;0003;Guráné Szabó;Ágnes;;Női köpeny kék SM-COLOR KÜ, A;48/110;2058760387;1;Aktív;;;;;;;;0
1;HGA Biomed, Kap, Jutai 50.;HGA Biomed, Kap, Jutai 50.;;0004;Várdai;Dávid;;Rövid ujjú Póló, fehér, KSZ, A;;2053675211;1;Aktív;;;;;;;;0
1;HGA Biomed, Kap, Jutai 50.;HGA Biomed, Kap, Jutai 50.;;0004;Várdai;Dávid;;Rövid ujjú Póló, fehér, KSZ, A;;2077638599;1;Aktív;;;;;;;;0
1;HGA Biomed, Kap, Jutai 50.;HGA Biomed, Kap, Jutai 50.;;0004;Várdai;Dávid;;Rövid ujjú Póló, fehér, KSZ, A;;2077609353;1;Aktív;;;;;;;;0
1;HGA Biomed, Kap, Jutai 50.;HGA Biomed, Kap, Jutai 50.;;0004;Várdai;Dávid;;Rövid ujjú Póló, fehér, KSZ, A;;2021112236;1;Aktív;;;;;;;;0
1;HGA Biomed, Kap, Jutai 50.;HGA Biomed, Kap, Jutai 50.;;0004;Várdai;Dávid;;Rövid ujjú Póló, fehér, KSZ, A;;2095280022;1;Aktív;;;;;nol;;;0
1;HGA Biomed, Kap, Jutai 50.;HGA Biomed, Kap, Jutai 50.;;0004;Várdai;Dávid;;Férfi nadrág, WhiteLine, zsebes A;40/100;2071624086;1;Aktív;;;;;;;;0
1;HGA Biomed, Kap, Jutai 50.;HGA Biomed, Kap, Jutai 50.;;0004;Várdai;Dávid;;Férfi nadrág, WhiteLine, zsebes A;40/100;2086296803;1;Aktív;;;;;;;;0
1;HGA Biomed, Kap, Jutai 50.;HGA Biomed, Kap, Jutai 50.;;0004;Várdai;Dávid;;Férfi nadrág, WhiteLine, zsebes A;40/100;2060391296;1;Aktív;;;;;;;;0
1;HGA Biomed, Kap, Jutai 50.;HGA Biomed, Kap, Jutai 50.;;0004;Várdai;Dávid;;Férfi nadrág, WhiteLine, zsebes A;40/100;2059467018;1;Aktív;;;;;Aolt;;;0
1;HGA Biomed, Kap, Jutai 50.;HGA Biomed, Kap, Jutai 50.;;0004;Várdai;Dávid;;Férfi nadrág, WhiteLine, zsebes A;40/100;2057769633;1;Aktív;;;;;;;;0
1;HGA Biomed, Kap, Jutai 50.;HGA Biomed, Kap, Jutai 50.;;0004;Várdai;Dávid;;Női köpeny WhiteLine oldalzsebesA;40/085;1358129528;1;Aktív;;;;;;;;0
1;HGA Biomed, Kap, Jutai 50.;HGA Biomed, Kap, Jutai 50.;;0004;Várdai;Dávid;;Női köpeny WhiteLine oldalzsebesA;40/085;2034738577;1;Aktív;;;;;;;;0
1;HGA Biomed, Kap, Jutai 50.;HGA Biomed, Kap, Jutai 50.;;0004;Várdai;Dávid;;Női köpeny WhiteLine oldalzsebesA;40/085;1358129375;1;Aktív;;;;;;;;0
1;HGA Biomed, Kap, Jutai 50.;HGA Biomed, Kap, Jutai 50.;;0004;Várdai;Dávid;;Női köpeny WhiteLine oldalzsebesA;40/085;77748188;1;Aktív;;;;;;;;0
1;HGA Biomed, Kap, Jutai 50.;HGA Biomed, Kap, Jutai 50.;;0004;Várdai;Dávid;;Női köpeny WhiteLine oldalzsebesA;40/085;1307080542;1;Aktív;;;;;;;;0
1;HGA Biomed, Kap, Jutai 50.;HGA Biomed, Kap, Jutai 50.;;0004;Várdai;Dávid;;Póló, bottlezöld, A;;2051071718;1;Aktív;;;;;;;;0
1;HGA Biomed, Kap, Jutai 50.;HGA Biomed, Kap, Jutai 50.;;0004;Várdai;Dávid;;Póló, bottlezöld, A;;2051070094;1;Aktív;;;;;;;;0
1;HGA Biomed, Kap, Jutai 50.;HGA Biomed, Kap, Jutai 50.;;0004;Várdai;Dávid;;Póló, bottlezöld, A;;2051070551;1;Aktív;;;;;;;;0
1;HGA Biomed, Kap, Jutai 50.;HGA Biomed, Kap, Jutai 50.;;0004;Várdai;Dávid;;Deréknadrág zöld SM-COLOR, A, KÜ;44/100;1355395025;1;Aktív;;;;;;;;0
1;HGA Biomed, Kap, Jutai 50.;HGA Biomed, Kap, Jutai 50.;;0004;Várdai;Dávid;;Deréknadrág zöld SM-COLOR, A, KÜ;44/100;1354518432;1;Aktív;;;;;;;;0
1;HGA Biomed, Kap, Jutai 50.;HGA Biomed, Kap, Jutai 50.;;0004;Várdai;Dávid;;Férfi köpeny zöld SM-COLOR B1, KÜ;40/105;2028511551;1;Aktív;;;;;ososrx hulol;;;0
1;HGA Biomed, Kap, Jutai 50.;HGA Biomed, Kap, Jutai 50.;;0004;Várdai;Dávid;;Férfi köpeny zöld SM-COLOR B1, KÜ;40/105;2028511148;1;Aktív;;;;;n On;;;0
1;HGA Biomed, Kap, Jutai 50.;HGA Biomed, Kap, Jutai 50.;;0004;Várdai;Dávid;;Ffi kop.metro kekSM- COL. B1, KÜ;40/105;2003515314;1;Aktív;;;;;Wosomu haldn;;;0
1;HGA Biomed, Kap, Jutai 50.;HGA Biomed, Kap, Jutai 50.;;0004;Várdai;Dávid;;Ffi kop.metro kekSM- COL. B1, KÜ;40/105;2003515390;1;Aktív;;;;;non;;;0
1;HGA Biomed, Kap, Jutai 50.;HGA Biomed, Kap, Jutai 50.;;0005;Jankó;Gergely;;Ffe peg (ase);52/110;2028514026;1;Aktív;;;;;Fae Petey Tevere nsl!!;;;0
1;HGA Biomed, Kap, Jutai 50.;HGA Biomed, Kap, Jutai 50.;;0006;Törzsökné Marton;Johanna Andrea;;Női köpeny WhiteLine oldalzsebesA;44/085;1369643402;1;Aktív;;;;;;;;0
1;HGA Biomed, Kap, Jutai 50.;HGA Biomed, Kap, Jutai 50.;;0006;Törzsökné Marton;Johanna Andrea;;Női köpeny WhiteLine oldalzsebesA;44/085;1378778133;1;Aktív;;;;;;;;0
1;HGA Biomed, Kap, Jutai 50.;HGA Biomed, Kap, Jutai 50.;;0007;Takacsné Izsak;Monika;;Póló, bottlezöld, A;;2143881751;1;Aktív;;;;;A M-es tam Lo van Kopva.;;;0
1;HGA Biomed, Kap, Jutai 50.;HGA Biomed, Kap, Jutai 50.;;0007;Takacsné Izsak;Monika;;Póló, bottlezöld, A;;2143883168;1;Aktív;;;;;;;;0
1;HGA Biomed, Kap, Jutai 50.;HGA Biomed, Kap, Jutai 50.;;0007;Takacsné Izsak;Monika;;Rövid ujjú Póló, fehér, KSZ, A;;2140295803;1;Aktív;;;;;;;;0
1;HGA Biomed, Kap, Jutai 50.;HGA Biomed, Kap, Jutai 50.;;0007;Takacsné Izsak;Monika;;Rövid ujjú Póló, fehér, KSZ, A;;2140295667;1;Aktív;;;;;;;;0
1;HGA Biomed, Kap, Jutai 50.;HGA Biomed, Kap, Jutai 50.;;0007;Takacsné Izsak;Monika;;Rövid ujjú Póló, fehér, KSZ, A;;2140236752;1;Aktív;;;;;;;;0
1;HGA Biomed, Kap, Jutai 50.;HGA Biomed, Kap, Jutai 50.;;0007;Takacsné Izsak;Monika;;Rövid ujjú Póló, fehér, KSZ, A;;2140236363;1;Aktív;;;;;;;;0
1;HGA Biomed, Kap, Jutai 50.;HGA Biomed, Kap, Jutai 50.;;0007;Takacsné Izsak;Monika;;Rövid ujjú Póló, fehér, KSZ, A;;2140242807;1;Aktív;;;;;;;;0
1;HGA Biomed, Kap, Jutai 50.;HGA Biomed, Kap, Jutai 50.;;0007;Takacsné Izsak;Monika;;Póló, bottlezöld, A;;2143897042;1;Aktív;;;;;;;;0
1;HGA Biomed, Kap, Jutai 50.;HGA Biomed, Kap, Jutai 50.;;0007;Takacsné Izsak;Monika;;Póló, bottlezöld, A;;2143882420;1;Aktív;;;;;;;;0
1;HGA Biomed, Kap, Jutai 50.;HGA Biomed, Kap, Jutai 50.;;0007;Takacsné Izsak;Monika;;Póló, bottlezöld, A Noi;;2143896427;1;Aktív;;;;;;;;0
1;HGA Biomed, Kap, Jutai 50.;HGA Biomed, Kap, Jutai 50.;;0007;Takacsné Izsak;Monika;;nadr., WhiteLine, oldalzsebes Noi;40/110;2074703771;1;Aktív;;;;;;;;0
1;HGA Biomed, Kap, Jutai 50.;HGA Biomed, Kap, Jutai 50.;;0007;Takacsné Izsak;Monika;;nadr., WhiteLine, oldalzsebes Noi;40/110;2074704778;1;Aktív;;;;;;;;0
1;HGA Biomed, Kap, Jutai 50.;HGA Biomed, Kap, Jutai 50.;;0007;Takacsné Izsak;Monika;;nadr., WhiteLine, oldalzsebes Noi;40/110;2081361209;1;Aktív;;;;;;;;0
1;HGA Biomed, Kap, Jutai 50.;HGA Biomed, Kap, Jutai 50.;;0007;Takacsné Izsak;Monika;;nadr., WhiteLine, oldalzsebes Noi;40/110;2094051449;1;Aktív;;;;;;;;0
1;HGA Biomed, Kap, Jutai 50.;HGA Biomed, Kap, Jutai 50.;;0007;Takacsné Izsak;Monika;;nadr., WhiteLine, oldalzsebes;40/110;2086497958;1;Aktív;;;;;;;;0
1;HGA Biomed, Kap, Jutai 50.;HGA Biomed, Kap, Jutai 50.;;0007;Takacsné Izsak;Monika;;Női nadrág zöld, SM-COLOR, A, KÜ;40/110;1356814709;1;Aktív;;;;;;;;0
1;HGA Biomed, Kap, Jutai 50.;HGA Biomed, Kap, Jutai 50.;;0007;Takacsné Izsak;Monika;;Női nadrág zöld, SM-COLOR, A, KÜ;40/110;1356813481;1;Aktív;;;;;;;;0
1;HGA Biomed, Kap, Jutai 50.;HGA Biomed, Kap, Jutai 50.;;0007;Takacsné Izsak;Monika;;Női nadrág zöld, SM-COLOR, A, KÜ;40/110;1356814907;1;Aktív;;;;;;;;0
1;HGA Biomed, Kap, Jutai 50.;HGA Biomed, Kap, Jutai 50.;;0007;Takacsné Izsak;Monika;;Női nadrág zöld, SM-COLOR, A, KÜ;40/110;1356813672;1;Aktív;;;;;;;;0
1;HGA Biomed, Kap, Jutai 50.;HGA Biomed, Kap, Jutai 50.;;0007;Takacsné Izsak;Monika;;Női nadrág zöld, SM-COLOR, A, KÜ;40/110;1356813665;1;Aktív;;;;;;;;0
1;HGA Biomed, Kap, Jutai 50.;HGA Biomed, Kap, Jutai 50.;;0007;Takacsné Izsak;Monika;;Női köpeny WhiteLine oldalzsebesA;44/110;2092756483;1;Aktív;;;;;;;;0
1;HGA Biomed, Kap, Jutai 50.;HGA Biomed, Kap, Jutai 50.;;0007;Takacsné Izsak;Monika;;Női köpeny WhiteLine oldalzsebesA;44/110;2019957344;1;Aktív;;;;;;;;0
1;HGA Biomed, Kap, Jutai 50.;HGA Biomed, Kap, Jutai 50.;;0007;Takacsné Izsak;Monika;;Női köpeny WhiteLine oldalzsebesA;44/110;2019957849;1;Aktív;;;;;;;;0
1;HGA Biomed, Kap, Jutai 50.;HGA Biomed, Kap, Jutai 50.;;0007;Takacsné Izsak;Monika;;Női köpeny WhiteLine oldalzsebesA;44/110;2031125158;1;Aktív;;;;;;;;0
1;HGA Biomed, Kap, Jutai 50.;HGA Biomed, Kap, Jutai 50.;;0007;Takacsné Izsak;Monika;;Női köpeny WhiteLine oldalzsebesA;44/110;2027417502;1;Aktív;;;;;;;;0
1;HGA Biomed, Kap, Jutai 50.;HGA Biomed, Kap, Jutai 50.;;0007;Takacsné Izsak;Monika;;Női köpeny zöld SM-COLOR, A, KÜ;40/110;2028612821;1;Aktív;;;;;;;;0
1;HGA Biomed, Kap, Jutai 50.;HGA Biomed, Kap, Jutai 50.;;0007;Takacsné Izsak;Monika;;Női köpeny zöld SM-COLOR, A, KÜ;40/110;2028612838;1;Aktív;;;;;;;;0
1;HGA Biomed, Kap, Jutai 50.;HGA Biomed, Kap, Jutai 50.;;0007;Takacsné Izsak;Monika;;Női köpeny zöld SM-COLOR, A, KÜ;40/110;2028612685;1;Aktív;;;;;;;;0
1;HGA Biomed, Kap, Jutai 50.;HGA Biomed, Kap, Jutai 50.;;0007;Takacsné Izsak;Monika;;Női köpeny zöld SM-COLOR, A, KÜ;40/110;2028612807;1;Aktív;;;;;;;;0
1;HGA Biomed, Kap, Jutai 50.;HGA Biomed, Kap, Jutai 50.;;0007;Takacsné Izsak;Monika;;Női köpeny zöld SM-COLOR, A, KÜ;40/110;2028612739;1;Aktív;;;;;;;;0
1;HGA Biomed, Kap, Jutai 50.;HGA Biomed, Kap, Jutai 50.;;0008;Valko;Gyorgyné;;Női nadrág zöld, SM-COLOR, A, KÜ;56/110;1347799954;1;Aktív;;;;;;;;0
1;HGA Biomed, Kap, Jutai 50.;HGA Biomed, Kap, Jutai 50.;;0008;Valko;Gyorgyné;;Póló, bottlezöld, A;4X;1367479317;1;Aktív;;;;;;;;0
1;HGA Biomed, Kap, Jutai 50.;HGA Biomed, Kap, Jutai 50.;;0008;Valko;Gyorgyné;;Női nadrág zöld, SM-COLOR, A, KÜ;56/110;1347798469;1;Aktív;;;;;;;;0
1;HGA Biomed, Kap, Jutai 50.;HGA Biomed, Kap, Jutai 50.;;0008;Valko;Gyorgyné;;Női nadrág, WhiteLine, oldalzsebesA;56/110;1376559383;1;Aktív;;;;;;;;0
1;HGA Biomed, Kap, Jutai 50.;HGA Biomed, Kap, Jutai 50.;;0008;Valko;Gyorgyné;;Kazak, unisex, fehér, oldalzsebes;;2004044172;1;Aktív;;;;;;;;0
1;HGA Biomed, Kap, Jutai 50.;HGA Biomed, Kap, Jutai 50.;;0008;Valko;Gyorgyné;;Kazak, unisex, fehér, oldalzsebes;;2004044615;1;Aktív;;;;;;;;0
1;HGA Biomed, Kap, Jutai 50.;HGA Biomed, Kap, Jutai 50.;;0008;Valko;Gyorgyné;;Rövid ujjú Póló, fehér, KSZ, A;4X;1368113104;1;Aktív;;;;;;;;0
1;HGA Biomed, Kap, Jutai 50.;HGA Biomed, Kap, Jutai 50.;;0008;Valko;Gyorgyné;;Női köpeny zöld SM-COLOR, A, KÜ;52/110;1355635077;1;Aktív;;;;;;;;0
1;HGA Biomed, Kap, Jutai 50.;HGA Biomed, Kap, Jutai 50.;;0008;Valko;Gyorgyné;;Póló, bottlezöld, A;4X;2021066768;1;Aktív;;;;;;;;0
1;HGA Biomed, Kap, Jutai 50.;HGA Biomed, Kap, Jutai 50.;;0008;Valko;Gyorgyné;;Női köpeny zöld SM-COLOR, A, KÜ;52/110;1355635084;1;Aktív;;;;;;;;0
1;HGA Biomed, Kap, Jutai 50.;HGA Biomed, Kap, Jutai 50.;;0008;Valko;Gyorgyné;;Női nadrág, WhiteLine, oldalzsebesA;56/110;1376559369;1;Aktív;;;;;;;;0
1;HGA Biomed, Kap, Jutai 50.;HGA Biomed, Kap, Jutai 50.;;0008;Valko;Gyorgyné;;Női nadrág, WhiteLine, oldalzsebesA;56/110;1376559413;1;Aktív;;;;;;;;0
1;HGA Biomed, Kap, Jutai 50.;HGA Biomed, Kap, Jutai 50.;;0008;Valko;Gyorgyné;;Kazak, unisex, fehér, oldalzsebes;;2004044295;1;Aktív;;;;;;;;0
1;HGA Biomed, Kap, Jutai 50.;HGA Biomed, Kap, Jutai 50.;;0008;Valko;Gyorgyné;;Póló, bottlezöld, A;4X;1361277193;1;Aktív;;;;;;;;0
1;HGA Biomed, Kap, Jutai 50.;HGA Biomed, Kap, Jutai 50.;;0008;Valko;Gyorgyné;;Rövid ujjú Póló, fehér, KSZ, A;14X;2052889930;1;Aktív;;;;;;;;0
1;HGA Biomed, Kap, Jutai 50.;HGA Biomed, Kap, Jutai 50.;;0008;Valko;Gyorgyné;;Póló, bottlezöld, A;4X;1361279715;1;Aktív;;;;;;;;0
1;HGA Biomed, Kap, Jutai 50.;HGA Biomed, Kap, Jutai 50.;;0008;Valko;Gyorgyné;;Rövid ujjú Póló, fehér, KSZ, A;4X;1367943030;1;Aktív;;;;;;;;0
1;HGA Biomed, Kap, Jutai 50.;HGA Biomed, Kap, Jutai 50.;;0008;Valko;Gyorgyné;;Rövid ujjú Póló, fehér, KSZ, A;4X;2022417897;1;Aktív;;;;;;;;0
1;HGA Biomed, Kap, Jutai 50.;HGA Biomed, Kap, Jutai 50.;;0008;Valko;Gyorgyné;;Póló, bottlezöld, A;4X;1365215917;1;Aktív;;;;;;;;0
1;HGA Biomed, Kap, Jutai 50.;HGA Biomed, Kap, Jutai 50.;;0008;Valko;Gyorgyné;;Rövid ujjú Póló, fehér, KSZ, A;4X;1367283914;1;Aktív;;;;;;;;0
1;HGA Biomed, Kap, Jutai 50.;HGA Biomed, Kap, Jutai 50.;;0009;Falusi;János;;Férfi köpeny zöld SM-COLOR B1, KÜ;40/105;1372760219;1;Aktív;;;;;;;;0
1;HGA Biomed, Kap, Jutai 50.;HGA Biomed, Kap, Jutai 50.;;0009;Falusi;János;;Deréknadrág zöld SM-COLOR, A, KÜ;44/100;1351269979;1;Aktív;;;;;;;;0
1;HGA Biomed, Kap, Jutai 50.;HGA Biomed, Kap, Jutai 50.;;0009;Falusi;János;;Kazak, unisex, fehér, oldalzsebesA;;2008080930;1;Aktív;;;;;;;;0
1;HGA Biomed, Kap, Jutai 50.;HGA Biomed, Kap, Jutai 50.;;0009;Falusi;János;;Rövid ujjú Póló, fehér, KSZ, A;;2014816431;1;Aktív;;;;;;;;0
1;HGA Biomed, Kap, Jutai 50.;HGA Biomed, Kap, Jutai 50.;;0009;Falusi;János;;Kazak, unisex, fehér, oldalzsebesA;;2008081326;1;Aktív;;;;;;;;0
1;HGA Biomed, Kap, Jutai 50.;HGA Biomed, Kap, Jutai 50.;;0009;Falusi;János;;Férfi nadrág, WhiteLine, zsebes A;48/100;2033788245;1;Aktív;;;;;;;;0
1;HGA Biomed, Kap, Jutai 50.;HGA Biomed, Kap, Jutai 50.;;0009;Falusi;János;;Férfi nadrág, WhiteLine, zsebes A;48/100;1388509024;1;Aktív;;;;;;;;0
1;HGA Biomed, Kap, Jutai 50.;HGA Biomed, Kap, Jutai 50.;;0009;Falusi;János;;Deréknadrág zöld SM-COLOR, A, KÜ;44/100;1354517497;1;Aktív;;;;;;;;0
1;HGA Biomed, Kap, Jutai 50.;HGA Biomed, Kap, Jutai 50.;;0009;Falusi;János;;Rövid ujjú Póló, fehér, KSZ, A;;2014624968;1;Aktív;;;;;;;;0
1;HGA Biomed, Kap, Jutai 50.;HGA Biomed, Kap, Jutai 50.;;0009;Falusi;János;;Rövid ujjúpolo, fehér, KSZ, A;;2014963562;1;Aktív;;;;;;;;0
1;HGA Biomed, Kap, Jutai 50.;HGA Biomed, Kap, Jutai 50.;;0009;Falusi;János;;Férfi nadrág, WhiteLine, zsebes A;44/100;2007795774;1;Aktív;;;;;let cerloe;;;0
1;HGA Biomed, Kap, Jutai 50.;HGA Biomed, Kap, Jutai 50.;;0009;Falusi;János;;Rövid ujjú Póló, fehér, KSZ, A;;2001846786;1;Aktív;;;;;;;;0
1;HGA Biomed, Kap, Jutai 50.;HGA Biomed, Kap, Jutai 50.;;0009;Falusi;János;;Kazak, unisex, fehér, oldalzsebes, A;;2008081319;1;Aktív;;;;;;;;0
1;HGA Biomed, Kap, Jutai 50.;HGA Biomed, Kap, Jutai 50.;;0009;Falusi;János;;Férfi nadrág, WhiteLine, zsebesA;48/100;2033788191;1;Aktív;;;;;;;;0
1;HGA Biomed, Kap, Jutai 50.;HGA Biomed, Kap, Jutai 50.;;0009;Falusi;János;;Rövid ujjú Póló, fehér, KSZ, A;;2014569016;1;Aktív;;;;;;;;0
1;HGA Biomed, Kap, Jutai 50.;HGA Biomed, Kap, Jutai 50.;;0009;Falusi;János;;Póló, bottlezöld, A;;1378039043;1;Aktív;;;;;;;;0
1;HGA Biomed, Kap, Jutai 50.;HGA Biomed, Kap, Jutai 50.;;0009;Falusi;János;;Férfi köpeny zöld SM-COLOR B1, KÜ;40/105;1372760226;1;Aktív;;;;;;;;0
1;HGA Biomed, Kap, Jutai 50.;HGA Biomed, Kap, Jutai 50.;;0010;Szabó;Zoltán;;Rövid ujjú Póló, fehér, KSZ, A;;2099635705;1;Aktív;;;;;;;;0
1;HGA Biomed, Kap, Jutai 50.;HGA Biomed, Kap, Jutai 50.;;0010;Szabó;Zoltán;;Rövid ujjú Póló, fehér, KSZ, A;;2099909998;1;Aktív;;;;;;;;0
1;HGA Biomed, Kap, Jutai 50.;HGA Biomed, Kap, Jutai 50.;;0010;Szabó;Zoltán;;Rövid ujjú Póló, fehér, KSZ, A;;1389145641;1;Aktív;;;;;;;;0
1;HGA Biomed, Kap, Jutai 50.;HGA Biomed, Kap, Jutai 50.;;0010;Szabó;Zoltán;;Rövid ujjú Póló, fehér, KSZ, A;;2099635972;1;Aktív;;;;;;;;0
1;HGA Biomed, Kap, Jutai 50.;HGA Biomed, Kap, Jutai 50.;;0010;Szabó;Zoltán;;Rövid ujjú Póló, fehér, KSZ, A;;2099707471;1;Aktív;;;;;;;;0
1;HGA Biomed, Kap, Jutai 50.;HGA Biomed, Kap, Jutai 50.;;0010;Szabó;Zoltán;;Póló, bottlezöld, A;;2139864812;1;Aktív;;;;;;;;0
1;HGA Biomed, Kap, Jutai 50.;HGA Biomed, Kap, Jutai 50.;;0010;Szabó;Zoltán;;Póló, bottlezöld, A;;2139863587;1;Aktív;;;;;;;;0
1;HGA Biomed, Kap, Jutai 50.;HGA Biomed, Kap, Jutai 50.;;0010;Szabó;Zoltán;;Póló, bottlezöld, A;;2139864737;1;Aktív;;;;;;;;0
1;HGA Biomed, Kap, Jutai 50.;HGA Biomed, Kap, Jutai 50.;;0010;Szabó;Zoltán;;Póló, bottlezöld, A;;2120569092;1;Aktív;;;;;;;;0
1;HGA Biomed, Kap, Jutai 50.;HGA Biomed, Kap, Jutai 50.;;0010;Szabó;Zoltán;;Póló, bottlezöld, A;;2139864935;1;Aktív;;;;;;;;0
1;HGA Biomed, Kap, Jutai 50.;HGA Biomed, Kap, Jutai 50.;;0010;Szabó;Zoltán;;Ffi Kop.WhiteLine oldalzsebesA;48/105;2099270456;1;Aktív;;;;;;;;0
1;HGA Biomed, Kap, Jutai 50.;HGA Biomed, Kap, Jutai 50.;;0010;Szabó;Zoltán;;FfiKop.WhiteLine oldalzsebesA;48/105;2099271309;1;Aktív;;;;;;;;0
1;HGA Biomed, Kap, Jutai 50.;HGA Biomed, Kap, Jutai 50.;;0010;Szabó;Zoltán;;Ffi Kop.WhiteLine oldalzsebesA;48/105;2099270708;1;Aktív;;;;;;;;0
1;HGA Biomed, Kap, Jutai 50.;HGA Biomed, Kap, Jutai 50.;;0010;Szabó;Zoltán;;FfiKop.WhiteLine oldalzsebesA;48/105;2099273211;1;Aktív;;;;;;;;0
1;HGA Biomed, Kap, Jutai 50.;HGA Biomed, Kap, Jutai 50.;;0010;Szabó;Zoltán;;Ffi Kop.WhiteLine oldalzsebesA;48/105;2099270302;1;Aktív;;;;;;;;0
1;HGA Biomed, Kap, Jutai 50.;HGA Biomed, Kap, Jutai 50.;;0010;Szabó;Zoltán;;Férfi köpeny zöld SM-COLOR B1, KÜ;48/105;1356253522;1;Aktív;;;;;;;;0
1;HGA Biomed, Kap, Jutai 50.;HGA Biomed, Kap, Jutai 50.;;0010;Szabó;Zoltán;;Férfi köpeny zöld SM-COLOR B1, KÜ;48/105;1353542612;1;Aktív;;;;;;;;0
1;HGA Biomed, Kap, Jutai 50.;HGA Biomed, Kap, Jutai 50.;;0010;Szabó;Zoltán;;Férfi köpeny zöld SM-COLOR B1, kU;48/105;1356009877;1;Aktív;;;;;;;;0
1;HGA Biomed, Kap, Jutai 50.;HGA Biomed, Kap, Jutai 50.;;0010;Szabó;Zoltán;;Férfi köpeny zöld SM-COLOR B1, KÜ;48/105;2151588833;1;Aktív;;;;;;;;0
1;HGA Biomed, Kap, Jutai 50.;HGA Biomed, Kap, Jutai 50.;;0010;Szabó;Zoltán;;Deréknadrág zöld SM-COLOR, A, KÜ;52/105;2080459693;1;Aktív;;;;;;;;0
1;HGA Biomed, Kap, Jutai 50.;HGA Biomed, Kap, Jutai 50.;;0010;Szabó;Zoltán;;Deréknadrág zöld SM-COLOR, A, KÜ;52/105;2080459747;1;Aktív;;;;;;;;0
1;HGA Biomed, Kap, Jutai 50.;HGA Biomed, Kap, Jutai 50.;;0010;Szabó;Zoltán;;Deréknadrág zöld SM-COLOR, A, KÜ;52/105;2035273879;1;Aktív;;;;;;;;0
1;HGA Biomed, Kap, Jutai 50.;HGA Biomed, Kap, Jutai 50.;;0010;Szabó;Zoltán;;Férfi köpeny zöld SM-COLOR B1, KÜ;48/105;2151588826;1;Aktív;;;;;;;;0
1;HGA Biomed, Kap, Jutai 50.;HGA Biomed, Kap, Jutai 50.;;0010;Szabó;Zoltán;;Férfi nadrág, WhiteLine, zsebes;56/110;2124710261;1;Aktív;;;;;;;;0
1;HGA Biomed, Kap, Jutai 50.;HGA Biomed, Kap, Jutai 50.;;0010;Szabó;Zoltán;;Férfi nadrág, WhiteLine, zsebes;56/110;2124710285;1;Aktív;;;;;;;;0
1;HGA Biomed, Kap, Jutai 50.;HGA Biomed, Kap, Jutai 50.;;0010;Szabó;Zoltán;;Deréknadrág zöld SM-COLOR, A, KÜ;52/105;2080459891;1;Aktív;;;;;;;;0
1;HGA Biomed, Kap, Jutai 50.;HGA Biomed, Kap, Jutai 50.;;0010;Szabó;Zoltán;;Férfi nadrág, WhiteLine, zsebes;56/110;2124710537;1;Aktív;;;;;;;;0
1;HGA Biomed, Kap, Jutai 50.;HGA Biomed, Kap, Jutai 50.;;0010;Szabó;Zoltán;;Férfi nadrág, WhiteLine, zsebes;56/110;2094947056;1;Aktív;;;;;;;;0
1;HGA Biomed, Kap, Jutai 50.;HGA Biomed, Kap, Jutai 50.;;0010;Szabó;Zoltán;;Férfi nadrág, WhiteLine, zsebes;56/110;2122671168;1;Aktív;;;;;;;;0
1;HGA Biomed, Kap, Jutai 50.;HGA Biomed, Kap, Jutai 50.;;0013;Sudár;Zoltán;;Rövid ujjú Póló, fehér, KSZ, A;;2099864594;1;Aktív;;;;;;;;0
1;HGA Biomed, Kap, Jutai 50.;HGA Biomed, Kap, Jutai 50.;;0013;Sudár;Zoltán;;Rövid ujjú Póló, fehér, KSZ, A;;2099864976;1;Aktív;;;;;;;;0
1;HGA Biomed, Kap, Jutai 50.;HGA Biomed, Kap, Jutai 50.;;0013;Sudár;Zoltán;;Rövid ujjú Póló, fehér, KSZ, A;;2099864839;1;Aktív;;;;;;;;0
1;HGA Biomed, Kap, Jutai 50.;HGA Biomed, Kap, Jutai 50.;;0013;Sudár;Zoltán;;Rövid ujjú Póló, fehér, KSZ, A XX;;2093672782;1;Aktív;;;;;;;;0
1;HGA Biomed, Kap, Jutai 50.;HGA Biomed, Kap, Jutai 50.;;0013;Sudár;Zoltán;;Rövid ujjú Póló, fehér, KSZ, A;;2094973277;1;Aktív;;;;;;;;0
1;HGA Biomed, Kap, Jutai 50.;HGA Biomed, Kap, Jutai 50.;;0013;Sudár;Zoltán;;Póló, bottlezöld, A;;2021068410;1;Aktív;;;;;;;;0
1;HGA Biomed, Kap, Jutai 50.;HGA Biomed, Kap, Jutai 50.;;0013;Sudár;Zoltán;;Póló, bottlezöld, A;;2077941460;1;Aktív;;;;;;;;0
1;HGA Biomed, Kap, Jutai 50.;HGA Biomed, Kap, Jutai 50.;;0013;Sudár;Zoltán;;Póló, bottlezöld, A;;2077941408;1;Aktív;;;;;;;;0
1;HGA Biomed, Kap, Jutai 50.;HGA Biomed, Kap, Jutai 50.;;0013;Sudár;Zoltán;;Póló, bottlezöld, A;;2021065570;1;Aktív;;;;;;;;0
1;HGA Biomed, Kap, Jutai 50.;HGA Biomed, Kap, Jutai 50.;;0013;Sudár;Zoltán;;Póló, bottlezöld, A;;1389000995;1;Aktív;;;;;;;;0
1;HGA Biomed, Kap, Jutai 50.;HGA Biomed, Kap, Jutai 50.;;0013;Sudár;Zoltán;;Férfi nadrág, WhiteLine, zsebes A;56/110;2074938548;1;Aktív;;;;;;;;0
1;HGA Biomed, Kap, Jutai 50.;HGA Biomed, Kap, Jutai 50.;;0013;Sudár;Zoltán;;Férfi nadrág, WhiteLine, zsebes A;56/110;2060028932;1;Aktív;;;;;;;;0
1;HGA Biomed, Kap, Jutai 50.;HGA Biomed, Kap, Jutai 50.;;0013;Sudár;Zoltán;;Férfi nadrág, WhiteLine, zsebes A;56/110;2099337326;1;Aktív;;;;;;;;0
1;HGA Biomed, Kap, Jutai 50.;HGA Biomed, Kap, Jutai 50.;;0013;Sudár;Zoltán;;Deréknadrág zöld SM-COLOR, A, KÜ;56/110;2069229576;1;Aktív;;;;;;;;0
1;HGA Biomed, Kap, Jutai 50.;HGA Biomed, Kap, Jutai 50.;;0013;Sudár;Zoltán;;Deréknadrág zöld SM-COLOR, A, KÜ;56/110;2069229316;1;Aktív;;;;;;;;0
1;HGA Biomed, Kap, Jutai 50.;HGA Biomed, Kap, Jutai 50.;;0013;Sudár;Zoltán;;FfiKop.WhiteLine oldalzsebesA;56/110;2099272269;1;Aktív;;;;;;;;0
1;HGA Biomed, Kap, Jutai 50.;HGA Biomed, Kap, Jutai 50.;;0013;Sudár;Zoltán;;Ffi Kop.WhiteLine oldalzsebesA;56/110;2080461597;1;Aktív;;;;;;;;0
1;HGA Biomed, Kap, Jutai 50.;HGA Biomed, Kap, Jutai 50.;;0013;Sudár;Zoltán;;Ffi Kop.WhiteLine oldalzsebesA;56/110;2099272252;1;Aktív;;;;;;;;0
1;HGA Biomed, Kap, Jutai 50.;HGA Biomed, Kap, Jutai 50.;;0013;Sudár;Zoltán;;Férfi köpeny zöld SM-COLOR B1, KÜ;56/110;1362476274;1;Aktív;;;;;;;;0
1;HGA Biomed, Kap, Jutai 50.;HGA Biomed, Kap, Jutai 50.;;0013;Sudár;Zoltán;;Férfi köpeny zöld SM-COLOR B1, KÜ;56/110;1362476250;1;Aktív;;;;;;;;0
1;HGA Biomed, Kap, Jutai 50.;HGA Biomed, Kap, Jutai 50.;;0014;Bor;Kornél;;Ffikop.metro kéksM- COL. B1, KÜ;48/105;2028513517;1;Aktív;;;;;;;;0
1;HGA Biomed, Kap, Jutai 50.;HGA Biomed, Kap, Jutai 50.;;0014;Bor;Kornél;;Póló marine royal A;214000848g;9059494198;1;Aktív;;;;;megrendelt megjott?;;;0
1;HGA Biomed, Kap, Jutai 50.;HGA Biomed, Kap, Jutai 50.;;0014;Bor;Kornél;;Póló marine royal A;;2099832692;1;Aktív;;;;;1V;;;0
1;HGA Biomed, Kap, Jutai 50.;HGA Biomed, Kap, Jutai 50.;;0014;Bor;Kornél;;Póló marine royal A;9059494174;114000081;1;Aktív;;;;;megrendelt;;;0
1;HGA Biomed, Kap, Jutai 50.;HGA Biomed, Kap, Jutai 50.;;0014;Bor;Kornél;;Póló marine royal A;114000081;9059494174;1;Aktív;;;;;megjott?;;;0
1;HGA Biomed, Kap, Jutai 50.;HGA Biomed, Kap, Jutai 50.;;0014;Bor;Kornél;;Rövid ujjú Póló, fehér, KSZ, A;;2140237735;1;Aktív;;;;;;;;0
1;HGA Biomed, Kap, Jutai 50.;HGA Biomed, Kap, Jutai 50.;;0014;Bor;Kornél;;Póló, bottlezöld, A;;2143881713;1;Aktív;;;;;;;;0
1;HGA Biomed, Kap, Jutai 50.;HGA Biomed, Kap, Jutai 50.;;0014;Bor;Kornél;;Deréknadrág ag, kék SM-COLOR, A, KÜ;48/100;2031743802;1;Aktív;;;;;;;;0
1;HGA Biomed, Kap, Jutai 50.;HGA Biomed, Kap, Jutai 50.;;0015;Schmidtné Németh;Beatrix;;Póló, bottlezöld, A;;1378037421;1;Aktív;;;;;;;;0
1;HGA Biomed, Kap, Jutai 50.;HGA Biomed, Kap, Jutai 50.;;0015;Schmidtné Németh;Beatrix;;nadr., WhiteLine, oldalzsebes 99;;2037155043;1;Aktív;;;;;;;;0
1;HGA Biomed, Kap, Jutai 50.;HGA Biomed, Kap, Jutai 50.;;0015;Schmidtné Németh;Beatrix;;Rövid ujjú Póló, fehér, KSZ, A;;2022492344;1;Aktív;;;;;Ado;;;0
1;HGA Biomed, Kap, Jutai 50.;HGA Biomed, Kap, Jutai 50.;;0015;Schmidtné Németh;Beatrix;;Kazak, unisex, fehér, oldal ZS., A;;2004043106;1;Aktív;;;;;;;;0
1;HGA Biomed, Kap, Jutai 50.;HGA Biomed, Kap, Jutai 50.;;0015;Schmidtné Németh;Beatrix;;Kazak, unisex, fehér, oldal ZS., A;;2004042758;1;Aktív;;;;;A dlo;;;0
1;HGA Biomed, Kap, Jutai 50.;HGA Biomed, Kap, Jutai 50.;;0015;Schmidtné Németh;Beatrix;;Rövid ujjú Póló, fehér, KSZ, A Noi;;2021280652;1;Aktív;;;;;Aolo.;;;0
1;HGA Biomed, Kap, Jutai 50.;HGA Biomed, Kap, Jutai 50.;;0015;Schmidtné Németh;Beatrix;;nadr., WhiteLine, oldalzsebes 99 Noi;;2037618548;1;Aktív;;;;;;;;0
1;HGA Biomed, Kap, Jutai 50.;HGA Biomed, Kap, Jutai 50.;;0015;Schmidtné Németh;Beatrix;;nadr., WhiteLine, oldalzsebes 99;;2035285315;1;Aktív;;;;;;;;0
1;HGA Biomed, Kap, Jutai 50.;HGA Biomed, Kap, Jutai 50.;;0015;Schmidtné Németh;Beatrix;;Rövid ujjú Póló, fehér, KSZ, A;;1389563377;1;Aktív;;;;;;;;0
1;HGA Biomed, Kap, Jutai 50.;HGA Biomed, Kap, Jutai 50.;;0015;Schmidtné Németh;Beatrix;;Póló, bottlezöld, A;;1390265796;1;Aktív;;;;;PY;;;0
1;HGA Biomed, Kap, Jutai 50.;HGA Biomed, Kap, Jutai 50.;;0015;Schmidtné Németh;Beatrix;;Deréknadrág zöld SM- 99 COLOR, A, KÜ;;2039493419;1;Aktív;;;;;;;;0
1;HGA Biomed, Kap, Jutai 50.;HGA Biomed, Kap, Jutai 50.;;0015;Schmidtné Németh;Beatrix;;Póló, bottlezöld, A Noi;;1361275717;1;Aktív;;;;;;;;0
1;HGA Biomed, Kap, Jutai 50.;HGA Biomed, Kap, Jutai 50.;;0015;Schmidtné Németh;Beatrix;;nadr., WhiteLine, oldalzsebes 99;;2037618531;1;Aktív;;;;;;;;0
1;HGA Biomed, Kap, Jutai 50.;HGA Biomed, Kap, Jutai 50.;;0015;Schmidtné Németh;Beatrix;;Kazak, unisex, fehér, oldal ZS., A;;2004042888;1;Aktív;;;;;;;;0
1;HGA Biomed, Kap, Jutai 50.;HGA Biomed, Kap, Jutai 50.;;0015;Schmidtné Németh;Beatrix;;Női köpeny zöld SM-COLOR, A, KÜ;44/110;2035457996;1;Aktív;;;;;A ou.;;;0
1;HGA Biomed, Kap, Jutai 50.;HGA Biomed, Kap, Jutai 50.;;0015;Schmidtné Németh;Beatrix;;Rövid ujjú Póló, fehér, KSZ, A;;1366115322;1;Aktív;;;;;;;;0
1;HGA Biomed, Kap, Jutai 50.;HGA Biomed, Kap, Jutai 50.;;0015;Schmidtné Németh;Beatrix;;Rövid ujjú Póló, fehér, KSZ, A;;1390326626;1;Aktív;;;;;;;;0
1;HGA Biomed, Kap, Jutai 50.;HGA Biomed, Kap, Jutai 50.;;0016;Molnárné Pajor;Krisztina;;Kazak, unisex, fehér, oldalzsebes;XS;2043633719;1;Aktív;;;;;;;;0
1;HGA Biomed, Kap, Jutai 50.;HGA Biomed, Kap, Jutai 50.;;0017;Dr. Prágai;Gábor;;Ffi Kop.WhiteLine oldalzsebesA;52/085;2060038399;1;Aktív;;;;;;;;0
1;HGA Biomed, Kap, Jutai 50.;HGA Biomed, Kap, Jutai 50.;;0017;Dr. Prágai;Gábor;;Rövid ujjú Póló, fehér, KSZ, A;;2077766278;1;Aktív;;;;;;;;0
1;HGA Biomed, Kap, Jutai 50.;HGA Biomed, Kap, Jutai 50.;;0017;Dr. Prágai;Gábor;;Rövid ujjú Póló, fehér, KSZ, A;;2077771555;1;Aktív;;;;;;;;0
1;HGA Biomed, Kap, Jutai 50.;HGA Biomed, Kap, Jutai 50.;;0017;Dr. Prágai;Gábor;;Férfi nadrág, WhiteLine, zsebes A;52/105;2080259385;1;Aktív;;;;;;;;0
1;HGA Biomed, Kap, Jutai 50.;HGA Biomed, Kap, Jutai 50.;;0017;Dr. Prágai;Gábor;;Ffi Kop.WhiteLine oldalzsebesA;52/085;2060035978;1;Aktív;;;;;;;;0
1;HGA Biomed, Kap, Jutai 50.;HGA Biomed, Kap, Jutai 50.;;0017;Dr. Prágai;Gábor;;Férfi nadrág, WhiteLine, zsebes A;52/105;2080259101;1;Aktív;;;;;;;;0
1;HGA Biomed, Kap, Jutai 50.;HGA Biomed, Kap, Jutai 50.;;0017;Dr. Prágai;Gábor;;Rövid ujjú Póló, fehér, KSZ, A;;2077293903;1;Aktív;;;;;;;;0
1;HGA Biomed, Kap, Jutai 50.;HGA Biomed, Kap, Jutai 50.;;0017;Dr. Prágai;Gábor;;Rövid ujjú Póló, fehér, KSZ, A;;2077769477;1;Aktív;;;;;;;;0
1;HGA Biomed, Kap, Jutai 50.;HGA Biomed, Kap, Jutai 50.;;0017;Dr. Prágai;Gábor;;Ffi Kop.WhiteLine oldalzsebesA;52/085;2054782147;1;Aktív;;;;;;;;0
1;HGA Biomed, Kap, Jutai 50.;HGA Biomed, Kap, Jutai 50.;;0017;Dr. Prágai;Gábor;;Ffi Kop.WhiteLine oldalzsebesA;52/085;2054904853;1;Aktív;;;;;;;;0
1;HGA Biomed, Kap, Jutai 50.;HGA Biomed, Kap, Jutai 50.;;0017;Dr. Prágai;Gábor;;Férfi nadrág, WhiteLine, zsebes A;52/105;2080256834;1;Aktív;;;;;;;;0
1;HGA Biomed, Kap, Jutai 50.;HGA Biomed, Kap, Jutai 50.;;0017;Dr. Prágai;Gábor;;152/105 Férfi nadrág, WhiteLine, zsebesA;;2080256858;1;Aktív;;;;;;;;0
1;HGA Biomed, Kap, Jutai 50.;HGA Biomed, Kap, Jutai 50.;;0018;Kutiné Druzsin;Agnes;;Kazak, unisex, fehér, oldalzsebes;;2008069423;1;Aktív;;;;;;;;0
1;HGA Biomed, Kap, Jutai 50.;HGA Biomed, Kap, Jutai 50.;;0018;Kutiné Druzsin;Agnes;;Kazak, unisex, fehér, oldalzsebes;;2008069355;1;Aktív;;;;;;;;0
1;HGA Biomed, Kap, Jutai 50.;HGA Biomed, Kap, Jutai 50.;;0018;Kutiné Druzsin;Agnes;;Rövid ujjú Póló, fehér, KSZ, A;;2021453834;1;Aktív;;;;;;;;0
1;HGA Biomed, Kap, Jutai 50.;HGA Biomed, Kap, Jutai 50.;;0018;Kutiné Druzsin;Agnes;;Póló marine royal A;;2014700259;1;Aktív;;;;;;;;0
1;HGA Biomed, Kap, Jutai 50.;HGA Biomed, Kap, Jutai 50.;;0018;Kutiné Druzsin;Agnes;;Kazak, unisex, fehér, oldalzsebes;;2008069157;1;Aktív;;;;;;;;0
1;HGA Biomed, Kap, Jutai 50.;HGA Biomed, Kap, Jutai 50.;;0018;Kutiné Druzsin;Agnes;;Női köpeny WhiteLine oldalzsebesA;36/110;2008533788;1;Aktív;;;;;;;;0
1;HGA Biomed, Kap, Jutai 50.;HGA Biomed, Kap, Jutai 50.;;0018;Kutiné Druzsin;Agnes;;Rövid ujjú Póló, fehér, KsZ, A;;2021166376;1;Aktív;;;;;;;;0
1;HGA Biomed, Kap, Jutai 50.;HGA Biomed, Kap, Jutai 50.;;0018;Kutiné Druzsin;Agnes;;Póló marine royal A;;2014970584;1;Aktív;;;;;;;;0
1;HGA Biomed, Kap, Jutai 50.;HGA Biomed, Kap, Jutai 50.;;0018;Kutiné Druzsin;Agnes;;Női köpeny kék SM-COLOR KÜ, A;36/110;2028612388;1;Aktív;;;;;;;;0
1;HGA Biomed, Kap, Jutai 50.;HGA Biomed, Kap, Jutai 50.;;0018;Kutiné Druzsin;Agnes;;Női nadrág, WhiteLine, oldalzsebesA;36/100;2007773703;1;Aktív;;;;;;;;0
1;HGA Biomed, Kap, Jutai 50.;HGA Biomed, Kap, Jutai 50.;;0018;Kutiné Druzsin;Agnes;;Női nadrág ag, kék SM-COLOR, A, KÜ;36/100;1347799015;1;Aktív;;;;;;;;0
1;HGA Biomed, Kap, Jutai 50.;HGA Biomed, Kap, Jutai 50.;;0018;Kutiné Druzsin;Agnes;;Rövid ujjú Póló, fehér, KSZ, A;;2021453940;1;Aktív;;;;;;;;0
1;HGA Biomed, Kap, Jutai 50.;HGA Biomed, Kap, Jutai 50.;;0018;Kutiné Druzsin;Agnes;;Póló marine royal A;;2014541760;1;Aktív;;;;;;;;0
1;HGA Biomed, Kap, Jutai 50.;HGA Biomed, Kap, Jutai 50.;;0018;Kutiné Druzsin;Agnes;;Női köpeny WhiteLineoldalzsebesA;36/110;2008534693;1;Aktív;;;;;;;;0
1;HGA Biomed, Kap, Jutai 50.;HGA Biomed, Kap, Jutai 50.;;0018;Kutiné Druzsin;Agnes;;NGi nadr., WhiteLine, oldalzsebesA;36/100;1376437964;1;Aktív;;;;;;;;0
1;HGA Biomed, Kap, Jutai 50.;HGA Biomed, Kap, Jutai 50.;;0018;Kutiné Druzsin;Agnes;;Póló marine royal A;;2014540060;1;Aktív;;;;;;;;0
1;HGA Biomed, Kap, Jutai 50.;HGA Biomed, Kap, Jutai 50.;;0018;Kutiné Druzsin;Agnes;;Női nadrág ag, kék SM-COLOR, A, KÜ;36/100;1356418426;1;Aktív;;;;;;;;0
1;HGA Biomed, Kap, Jutai 50.;HGA Biomed, Kap, Jutai 50.;;0018;Kutiné Druzsin;Agnes;;Póló marine royal A;;2005458879;1;Aktív;;;;;;;;0
1;HGA Biomed, Kap, Jutai 50.;HGA Biomed, Kap, Jutai 50.;;0018;Kutiné Druzsin;Agnes;;Rövid ujjú Póló, fehér, KSZ, A;;2021009918;1;Aktív;;;;;;;;0
1;HGA Biomed, Kap, Jutai 50.;HGA Biomed, Kap, Jutai 50.;;0018;Kutiné Druzsin;Agnes;;N6i nadr., WhiteLine, oldalzsebesA;36/100;2007773642;1;Aktív;;;;;;;;0
1;HGA Biomed, Kap, Jutai 50.;HGA Biomed, Kap, Jutai 50.;;0018;Kutiné Druzsin;Agnes;;Női köpeny WhiteLine oldalzsebesA;36/110;2008491491;1;Aktív;;;;;;;;0
1;HGA Biomed, Kap, Jutai 50.;HGA Biomed, Kap, Jutai 50.;;0018;Kutiné Druzsin;Agnes;;Rövid ujjú Póló, fehér, KSZ, A;;2021008744;1;Aktív;;;;;;;;0
1;HGA Biomed, Kap, Jutai 50.;HGA Biomed, Kap, Jutai 50.;;0018;Kutiné Druzsin;Agnes;;Női köpeny kék SM-COLOR KÜ, A;36/110;2028612265;1;Aktív;;;;;;;;0
2;HGA Biomed, Kap, Nagygát utca 1;HGA Biomed, Kap, Nagygát utca 1;;0019;Szemesi;János;;Póló marine royal A;;2077295921;1;Aktív;;;;;;;;0
2;HGA Biomed, Kap, Nagygát utca 1;HGA Biomed, Kap, Nagygát utca 1;;0019;Szemesi;János;;Ffi Kop.WhiteLine oldalzsebesA;44/105;2008101468;1;Aktív;;;;;21S50205手;;;0
2;HGA Biomed, Kap, Nagygát utca 1;HGA Biomed, Kap, Nagygát utca 1;;0019;Szemesi;János;;Férfi nadrág, WhiteLine, zsebes A;48/110;9059445824;1;Aktív;;;;;Aclb;;;0
2;HGA Biomed, Kap, Nagygát utca 1;HGA Biomed, Kap, Nagygát utca 1;;0019;Szemesi;János;;Férfi nadrág, WhiteLine, zsebes A;48/110;9059445831;1;Aktív;;;;;2454968h0;;;0
2;HGA Biomed, Kap, Nagygát utca 1;HGA Biomed, Kap, Nagygát utca 1;;0019;Szemesi;János;;Férfi nadrág, WhiteLine, zsebesA;48/110;9059445848;1;Aktív;;;;;;;;0
2;HGA Biomed, Kap, Nagygát utca 1;HGA Biomed, Kap, Nagygát utca 1;;0019;Szemesi;János;;Póló marine royal A;;2005551020;1;Aktív;;;;;;;;0
2;HGA Biomed, Kap, Nagygát utca 1;HGA Biomed, Kap, Nagygát utca 1;;0019;Szemesi;János;;Rövid ujjú Póló, fehér, KSZ, A;;2021165676;1;Aktív;;;;;;;;0
2;HGA Biomed, Kap, Nagygát utca 1;HGA Biomed, Kap, Nagygát utca 1;;0019;Szemesi;János;;Kazak, unisex, fehér, oldalzsebes;;2008074090;1;Aktív;;;;;ea weu;;;0
2;HGA Biomed, Kap, Nagygát utca 1;HGA Biomed, Kap, Nagygát utca 1;;0019;Szemesi;János;;Deréknadrág ag, kék SM-COLOR, A, KÜ;48/110;2030320738;1;Aktív;;;;;Vald L vesc2a;;;0
2;HGA Biomed, Kap, Nagygát utca 1;HGA Biomed, Kap, Nagygát utca 1;;0019;Szemesi;János;;Rövid ujjú Póló, fehér, KSZ, A;;2021167588;1;Aktív;;;;;;;;0
2;HGA Biomed, Kap, Nagygát utca 1;HGA Biomed, Kap, Nagygát utca 1;;0019;Szemesi;János;;Ffi Kop.WhiteLine oldalzsebesA;44/105;2008101697;1;Aktív;;;;;;;;0
2;HGA Biomed, Kap, Nagygát utca 1;HGA Biomed, Kap, Nagygát utca 1;;0019;Szemesi;János;;Kazak, unisex, fehér, oldalzsebes;;2008073109;1;Aktív;;;;;Merel eserduel;;;0
2;HGA Biomed, Kap, Nagygát utca 1;HGA Biomed, Kap, Nagygát utca 1;;0019;Szemesi;János;;Férfi nadrág, WhiteLine, zsebes A;48/100;1386907617;1;Aktív;;;;;;;;0
2;HGA Biomed, Kap, Nagygát utca 1;HGA Biomed, Kap, Nagygát utca 1;;0019;Szemesi;János;;Kazak, unisex, fehér, oldalzsebes;;2008073420;1;Aktív;;;;;;;;0
2;HGA Biomed, Kap, Nagygát utca 1;HGA Biomed, Kap, Nagygát utca 1;;0019;Szemesi;János;;Deréknadrág ag, kék SM-COLOR, A, KÜ;48/110;2030320745;1;Aktív;;;;;;;;0
2;HGA Biomed, Kap, Nagygát utca 1;HGA Biomed, Kap, Nagygát utca 1;;0019;Szemesi;János;;Deréknadrág ag, kék SM-COLOR, A, KÜ;48/110;1355932688;1;Aktív;;;;;;;;0
2;HGA Biomed, Kap, Nagygát utca 1;HGA Biomed, Kap, Nagygát utca 1;;0019;Szemesi;János;;Rövid ujjú Póló, fehér, KSZ, A;;2021167281;1;Aktív;;;;;;;;0
2;HGA Biomed, Kap, Nagygát utca 1;HGA Biomed, Kap, Nagygát utca 1;;0019;Szemesi;János;;Deréknadrág ag, kék SM-COLOR, A, KÜ;48/110;2030320714;1;Aktív;;;;;;;;0
2;HGA Biomed, Kap, Nagygát utca 1;HGA Biomed, Kap, Nagygát utca 1;;0019;Szemesi;János;;Ffi Kop.WhiteLine oldalzsebesA;44/105;2008101222;1;Aktív;;;;;;;;0
2;HGA Biomed, Kap, Nagygát utca 1;HGA Biomed, Kap, Nagygát utca 1;;0019;Szemesi;János;;Rövid ujjú Póló, fehér, KSZ, A;;2021494851;1;Aktív;;;;;;;;0
2;HGA Biomed, Kap, Nagygát utca 1;HGA Biomed, Kap, Nagygát utca 1;;0019;Szemesi;János;;Póló marine royal A;;2005551044;1;Aktív;;;;;;;;0
2;HGA Biomed, Kap, Nagygát utca 1;HGA Biomed, Kap, Nagygát utca 1;;0019;Szemesi;János;;Póló marine royal A;;2014862339;1;Aktív;;;;;2410006966;;;0
2;HGA Biomed, Kap, Nagygát utca 1;HGA Biomed, Kap, Nagygát utca 1;;0019;Szemesi;János;;Póló marine royal A;;2410006966;1;Aktív;;;;;;;;0
2;HGA Biomed, Kap, Nagygát utca 1;HGA Biomed, Kap, Nagygát utca 1;;0019;Szemesi;János;;Póló marine royal A;;2005459258;1;Aktív;;;;;;;;0
2;HGA Biomed, Kap, Nagygát utca 1;HGA Biomed, Kap, Nagygát utca 1;;0019;Szemesi;János;;Ffi kop.metro kekSM-COL. B1, KÜ;44/105;2028513616;1;Aktív;;;;;;;;0
2;HGA Biomed, Kap, Nagygát utca 1;HGA Biomed, Kap, Nagygát utca 1;;0019;Szemesi;János;;Ffi kop.metro kékSM-COL B1, KÜ;44/105;2028513890;1;Aktív;;;;;;;;0
2;HGA Biomed, Kap, Nagygát utca 1;HGA Biomed, Kap, Nagygát utca 1;;0019;Szemesi;János;;Rövid ujjú Póló, fehér, KSZ, A;;2021494387;1;Aktív;;;;;;;;0
1;HGA Biomed, Kap, Jutai 50.;HGA Biomed, Kap, Jutai 50.;;0020;Dobainé Kovacs;Renata;;NGi nadr., WhiteLine, oldalzsebesA;44/110;2004068741;1;Aktív;;;;;;;;0
1;HGA Biomed, Kap, Jutai 50.;HGA Biomed, Kap, Jutai 50.;;0020;Dobainé Kovacs;Renata;;Rövid ujjú Póló, fehér, KSZ, A;;1389050983;1;Aktív;;;;;;;;0
1;HGA Biomed, Kap, Jutai 50.;HGA Biomed, Kap, Jutai 50.;;0020;Dobainé Kovacs;Renata;;Póló, bottlezöld, A;;2014730614;1;Aktív;;;;;;;;0
1;HGA Biomed, Kap, Jutai 50.;HGA Biomed, Kap, Jutai 50.;;0020;Dobainé Kovacs;Renata;;Női nadrág, WhiteLine, oldalzsebesA;44/110;2004068680;1;Aktív;;;;;;;;0
1;HGA Biomed, Kap, Jutai 50.;HGA Biomed, Kap, Jutai 50.;;0020;Dobainé Kovacs;Renata;;Kazak, unisex, fehér, oldalzsebes, As;;2008065630;1;Aktív;;;;;;;;0
1;HGA Biomed, Kap, Jutai 50.;HGA Biomed, Kap, Jutai 50.;;0020;Dobainé Kovacs;Renata;;Póló, bottlezöld, A;;2014730058;1;Aktív;;;;;;;;0
1;HGA Biomed, Kap, Jutai 50.;HGA Biomed, Kap, Jutai 50.;;0020;Dobainé Kovacs;Renata;;Női köpeny zöld SM-COLOR, A, KÜ;40/110;1356006395;1;Aktív;;;;;;;;0
1;HGA Biomed, Kap, Jutai 50.;HGA Biomed, Kap, Jutai 50.;;0020;Dobainé Kovacs;Renata;;Póló, bottlezöld, A;;1389002883;1;Aktív;;;;;;;;0
1;HGA Biomed, Kap, Jutai 50.;HGA Biomed, Kap, Jutai 50.;;0020;Dobainé Kovacs;Renata;;Póló, bottlezöld, A;;2014731772;1;Aktív;;;;;;;;0
1;HGA Biomed, Kap, Jutai 50.;HGA Biomed, Kap, Jutai 50.;;0020;Dobainé Kovacs;Renata;;Kazak, unisex, fehér, oldalzsebes, A;;2008069294;1;Aktív;;;;;;;;0
1;HGA Biomed, Kap, Jutai 50.;HGA Biomed, Kap, Jutai 50.;;0020;Dobainé Kovacs;Renata;;Rövid ujjú Póló, fehér, KSZ, A;;2021285244;1;Aktív;;;;;;;;0
1;HGA Biomed, Kap, Jutai 50.;HGA Biomed, Kap, Jutai 50.;;0020;Dobainé Kovacs;Renata;;Női nadrág zöld, SM-COLOR, A, KÜ;44/110;1356814792;1;Aktív;;;;;;;;0
1;HGA Biomed, Kap, Jutai 50.;HGA Biomed, Kap, Jutai 50.;;0020;Dobainé Kovacs;Renata;;Rövid ujjú Póló, fehér, KSZ, A;;2021342121;1;Aktív;;;;;;;;0
1;HGA Biomed, Kap, Jutai 50.;HGA Biomed, Kap, Jutai 50.;;0020;Dobainé Kovacs;Renata;;Női köpeny zöld SM-COLOR, A, KÜ;40/110;1356006449;1;Aktív;;;;;;;;0
1;HGA Biomed, Kap, Jutai 50.;HGA Biomed, Kap, Jutai 50.;;0020;Dobainé Kovacs;Renata;;Női nadrág zöld, SM-COLOR, A, KÜ;44/110;1356813634;1;Aktív;;;;;;;;0
1;HGA Biomed, Kap, Jutai 50.;HGA Biomed, Kap, Jutai 50.;;0020;Dobainé Kovacs;Renata;;Póló, bottlezöld, A;;1344757674;1;Aktív;;;;;;;;0
1;HGA Biomed, Kap, Jutai 50.;HGA Biomed, Kap, Jutai 50.;;0020;Dobainé Kovacs;Renata;;Női nadrág, WhiteLine, oldalzsebesA;44/110;2004065160;1;Aktív;;;;;;;;0
1;HGA Biomed, Kap, Jutai 50.;HGA Biomed, Kap, Jutai 50.;;0020;Dobainé Kovacs;Renata;;Rövid ujjú Póló, fehér, KSZ, A;;2032575822;1;Aktív;;;;;;;;0
1;HGA Biomed, Kap, Jutai 50.;HGA Biomed, Kap, Jutai 50.;;0020;Dobainé Kovacs;Renata;;Rövid ujjú Póló, fehér, KSZ, A Kazak, unisex, fehér, oldalzsebes, A;;2021193785;1;Aktív;;;;;;;;0
1;HGA Biomed, Kap, Jutai 50.;HGA Biomed, Kap, Jutai 50.;;0020;Dobainé Kovacs;Renata;;Rövid ujjú Póló, fehér, KSZ, A Kazak, unisex, fehér, oldalzsebes, A;;2008289715;1;Aktív;;;;;;;;0
1;HGA Biomed, Kap, Jutai 50.;HGA Biomed, Kap, Jutai 50.;;0022;Papvölgyi;József;;Kazak, unisex, fehér, oldalzsebes;;2008069539;1;Aktív;;;;;;;;0
1;HGA Biomed, Kap, Jutai 50.;HGA Biomed, Kap, Jutai 50.;;0022;Papvölgyi;József;;Rövid ujjú Póló, fehér, KSZ, A;;2022420118;1;Aktív;;;;;;;;0
1;HGA Biomed, Kap, Jutai 50.;HGA Biomed, Kap, Jutai 50.;;0022;Papvölgyi;József;;Rövid ujjú Póló, fehér, KSZ, A;;2022147206;1;Aktív;;;;;;;;0
1;HGA Biomed, Kap, Jutai 50.;HGA Biomed, Kap, Jutai 50.;;0022;Papvölgyi;József;;Rövid ujjú Póló, fehér, KSZ, A;;2022420156;1;Aktív;;;;;;;;0
1;HGA Biomed, Kap, Jutai 50.;HGA Biomed, Kap, Jutai 50.;;0022;Papvölgyi;József;;Póló, bottlezöld, A;;2014995020;1;Aktív;;;;;Moso;;;0
1;HGA Biomed, Kap, Jutai 50.;HGA Biomed, Kap, Jutai 50.;;0022;Papvölgyi;József;;Kazak, unisex, fehér, oldalzsebes;;2008069607;1;Aktív;;;;;;;;0
1;HGA Biomed, Kap, Jutai 50.;HGA Biomed, Kap, Jutai 50.;;0022;Papvölgyi;József;;Férfi köpeny zöld SM-COLOR B1, KÜ;44/105;2028511711;1;Aktív;;;;;;;;0
1;HGA Biomed, Kap, Jutai 50.;HGA Biomed, Kap, Jutai 50.;;0022;Papvölgyi;József;;Férfi köpeny zöld SM-COLOR B1, KÜ;44/105;2028514910;1;Aktív;;;;;;;;0
1;HGA Biomed, Kap, Jutai 50.;HGA Biomed, Kap, Jutai 50.;;0022;Papvölgyi;József;;Férfi nadrág, WhiteLine, zsebes A;48/100;2140030077;1;Aktív;;;;;;;;0
1;HGA Biomed, Kap, Jutai 50.;HGA Biomed, Kap, Jutai 50.;;0022;Papvölgyi;József;;Férfi nadrág, WhiteLine, zsebes A;48/100;2031105778;1;Aktív;;;;;;;;0
1;HGA Biomed, Kap, Jutai 50.;HGA Biomed, Kap, Jutai 50.;;0022;Papvölgyi;József;;Deréknadrág zöld SM-COLOR, A, KÜ;48/100;1351386591;1;Aktív;;;;;;;;0
1;HGA Biomed, Kap, Jutai 50.;HGA Biomed, Kap, Jutai 50.;;0022;Papvölgyi;József;;Rövid ujjú Póló, fehér, KSZ, A;;2022421238;1;Aktív;;;;;;;;0
1;HGA Biomed, Kap, Jutai 50.;HGA Biomed, Kap, Jutai 50.;;0022;Papvölgyi;József;;Póló, bottlezöld, A;;1344758077;1;Aktív;;;;;;;;0
1;HGA Biomed, Kap, Jutai 50.;HGA Biomed, Kap, Jutai 50.;;0022;Papvölgyi;József;;Póló, bottlezöld, A;;1344758213;1;Aktív;;;;;;;;0
1;HGA Biomed, Kap, Jutai 50.;HGA Biomed, Kap, Jutai 50.;;0022;Papvölgyi;József;;Férfi nadrág, WhiteLine, zsebes A;48/100;2044543345;1;Aktív;;;;;;;;0
1;HGA Biomed, Kap, Jutai 50.;HGA Biomed, Kap, Jutai 50.;;0022;Papvölgyi;József;;Kazak, unisex, fehér, oldalzsebes;;2050633207;1;Aktív;;;;;;;;0
1;HGA Biomed, Kap, Jutai 50.;HGA Biomed, Kap, Jutai 50.;;0022;Papvölgyi;József;;Rövid ujjú Póló, fehér, KSZ, A;;2022420187;1;Aktív;;;;;;;;0
1;HGA Biomed, Kap, Jutai 50.;HGA Biomed, Kap, Jutai 50.;;0022;Papvölgyi;József;;Férfi köpeny zöld SM-COLOR B1, KÜ;44/105;2028514873;1;Aktív;;;;;;;;0
1;HGA Biomed, Kap, Jutai 50.;HGA Biomed, Kap, Jutai 50.;;0022;Papvölgyi;József;;Deréknadrág zöld SM-COLOR, A, KÜ;48/100;1355395407;1;Aktív;;;;;;;;0
1;HGA Biomed, Kap, Jutai 50.;HGA Biomed, Kap, Jutai 50.;;0022;Papvölgyi;József;;Deréknadrág zöld SM-COLOR, A, KÜ;48/100;1354517886;1;Aktív;;;;;;;;0
1;HGA Biomed, Kap, Jutai 50.;HGA Biomed, Kap, Jutai 50.;;0022;Papvölgyi;József;;Póló, bottlezöld, A;;1344755465;1;Aktív;;;;;Eeve manziz;;;0
1;HGA Biomed, Kap, Jutai 50.;HGA Biomed, Kap, Jutai 50.;;0022;Papvölgyi;József;;Póló, bottlezöld, A;;2014824894;1;Aktív;;;;;;;;0
1;HGA Biomed, Kap, Jutai 50.;HGA Biomed, Kap, Jutai 50.;;0023;Szennai;Mária;;Női köpeny zöld SM-COLOR, A, KÜ;40/110;2028613071;1;Aktív;;;;;;;;0
1;HGA Biomed, Kap, Jutai 50.;HGA Biomed, Kap, Jutai 50.;;0023;Szennai;Mária;;Női köpeny zöld SM-COLOR, A, KÜ;40/110;2028612791;1;Aktív;;;;;;;;0
1;HGA Biomed, Kap, Jutai 50.;HGA Biomed, Kap, Jutai 50.;;0023;Szennai;Mária;;Női köpeny WhiteLine oldalzsebesA;40/110;2034738454;1;Aktív;;;;;;;;0
1;HGA Biomed, Kap, Jutai 50.;HGA Biomed, Kap, Jutai 50.;;0023;Szennai;Mária;;Női köpeny WhiteLine oldalzsebesA;40/110;2041001459;1;Aktív;;;;;;;;0
1;HGA Biomed, Kap, Jutai 50.;HGA Biomed, Kap, Jutai 50.;;0023;Szennai;Mária;;Női köpeny WhiteLine oldalzsebesA;40/110;2034739710;1;Aktív;;;;;;;;0
1;HGA Biomed, Kap, Jutai 50.;HGA Biomed, Kap, Jutai 50.;;0023;Szennai;Mária;;Póló, bottlezöld, A;;2051072784;1;Aktív;;;;;;;;0
1;HGA Biomed, Kap, Jutai 50.;HGA Biomed, Kap, Jutai 50.;;0023;Szennai;Mária;;Póló, bottlezöld, A;;2053250319;1;Aktív;;;;;;;;0
1;HGA Biomed, Kap, Jutai 50.;HGA Biomed, Kap, Jutai 50.;;0023;Szennai;Mária;;Póló, bottlezöld, A;;2053252948;1;Aktív;;;;;;;;0
1;HGA Biomed, Kap, Jutai 50.;HGA Biomed, Kap, Jutai 50.;;0023;Szennai;Mária;;Póló, bottlezöld, A;;2051074757;1;Aktív;;;;;;;;0
1;HGA Biomed, Kap, Jutai 50.;HGA Biomed, Kap, Jutai 50.;;0023;Szennai;Mária;;Póló, bottlezöld, A;;2053252887;1;Aktív;;;;;;;;0
1;HGA Biomed, Kap, Jutai 50.;HGA Biomed, Kap, Jutai 50.;;0023;Szennai;Mária;;Rövid ujjú Póló, fehér, KSZ, A;;2095049643;1;Aktív;;;;;;;;0
1;HGA Biomed, Kap, Jutai 50.;HGA Biomed, Kap, Jutai 50.;;0023;Szennai;Mária;;Rövid ujjú Póló, fehér, KSZ, A Noi;;2095049599;1;Aktív;;;;;;;;0
1;HGA Biomed, Kap, Jutai 50.;HGA Biomed, Kap, Jutai 50.;;0023;Szennai;Mária;;nadr., WhiteLine, oldalzsebes;44/105;2075053493;1;Aktív;;;;;;;;0
1;HGA Biomed, Kap, Jutai 50.;HGA Biomed, Kap, Jutai 50.;;0023;Szennai;Mária;;Deréknadrág zöld SM-COLOR, A, KÜ;48/090;2142611502;1;Aktív;;;;;;;;0
1;HGA Biomed, Kap, Jutai 50.;HGA Biomed, Kap, Jutai 50.;;0023;Szennai;Mária;;Deréknadrág zöld SM-COLOR, A, KÜ;48/090;2142611496;1;Aktív;;;;;;;;0
1;HGA Biomed, Kap, Jutai 50.;HGA Biomed, Kap, Jutai 50.;;0023;Szennai;Mária;;nadr., WhiteLine, oldalzsebes Noi;44/105;2045197738;1;Aktív;;;;;;;;0
1;HGA Biomed, Kap, Jutai 50.;HGA Biomed, Kap, Jutai 50.;;0023;Szennai;Mária;;nadr., WhiteLine, oldalzsebes;44/105;2059060448;1;Aktív;;;;;;;;0
1;HGA Biomed, Kap, Jutai 50.;HGA Biomed, Kap, Jutai 50.;;0023;Szennai;Mária;;Rövid ujjú Póló, fehér, KSZ, A;;2095283450;1;Aktív;;;;;;;;0
1;HGA Biomed, Kap, Jutai 50.;HGA Biomed, Kap, Jutai 50.;;0023;Szennai;Mária;;Rövid ujjú Póló, fehér, KSZ, A;;2095316363;1;Aktív;;;;;;;;0
1;HGA Biomed, Kap, Jutai 50.;HGA Biomed, Kap, Jutai 50.;;0023;Szennai;Mária;;Rövid ujjú Póló, fehér, KSZ, A;;2095315298;1;Aktív;;;;;;;;0
1;HGA Biomed, Kap, Jutai 50.;HGA Biomed, Kap, Jutai 50.;;0024;Németh-Kovacs;Zsanett;;Női nadrág, WhiteLine, oldalzsebesA;52/110;1388454676;1;Aktív;;;;;;;;0
1;HGA Biomed, Kap, Jutai 50.;HGA Biomed, Kap, Jutai 50.;;0024;Németh-Kovacs;Zsanett;;Női nadrág, WhiteLine, oldalzsebesA;52/110;1388454225;1;Aktív;;;;;;;;0
1;HGA Biomed, Kap, Jutai 50.;HGA Biomed, Kap, Jutai 50.;;0024;Németh-Kovacs;Zsanett;;Rövid ujjú Póló, fehér, KSZ, A;3X;2021191385;1;Aktív;;;;;Vaecm ine;;;0
1;HGA Biomed, Kap, Jutai 50.;HGA Biomed, Kap, Jutai 50.;;0024;Németh-Kovacs;Zsanett;;Rövid ujjú Póló, fehér, KSZ, A;3X;2032093029;1;Aktív;;;;;;;;0
1;HGA Biomed, Kap, Jutai 50.;HGA Biomed, Kap, Jutai 50.;;0024;Németh-Kovacs;Zsanett;;Póló, bottlezöld, A;3X;2031699055;1;Aktív;;;;;;;;0
1;HGA Biomed, Kap, Jutai 50.;HGA Biomed, Kap, Jutai 50.;;0024;Németh-Kovacs;Zsanett;;Női nadrág zöld, SM-COLOR, A, KÜ;52/110;1355810382;1;Aktív;;;;;;;;0
1;HGA Biomed, Kap, Jutai 50.;HGA Biomed, Kap, Jutai 50.;;0024;Németh-Kovacs;Zsanett;;Póló, bottlezöld, A;3X;1359849920;1;Aktív;;;;;;;;0
1;HGA Biomed, Kap, Jutai 50.;HGA Biomed, Kap, Jutai 50.;;0024;Németh-Kovacs;Zsanett;;Póló, bottlezöld, A;3X;1359849852;1;Aktív;;;;;;;;0
1;HGA Biomed, Kap, Jutai 50.;HGA Biomed, Kap, Jutai 50.;;0024;Németh-Kovacs;Zsanett;;Női köpeny zöld SM-COLOR, A, KÜ;48/110;1353423027;1;Aktív;;;;;;;;0
1;HGA Biomed, Kap, Jutai 50.;HGA Biomed, Kap, Jutai 50.;;0024;Németh-Kovacs;Zsanett;;Póló, bottlezöld, A;3X;1373669528;1;Aktív;;;;;;;;0
1;HGA Biomed, Kap, Jutai 50.;HGA Biomed, Kap, Jutai 50.;;0024;Németh-Kovacs;Zsanett;;Kazak, unisex, fehér, oldalzsebes;XL;2008809791;1;Aktív;;;;;;;;0
1;HGA Biomed, Kap, Jutai 50.;HGA Biomed, Kap, Jutai 50.;;0024;Németh-Kovacs;Zsanett;;Női nadrág zöld, SM-COLOR, A, KÜ;52/110;1355810412;1;Aktív;;;;;;;;0
1;HGA Biomed, Kap, Jutai 50.;HGA Biomed, Kap, Jutai 50.;;0024;Németh-Kovacs;Zsanett;;Női nadrág, WhiteLine, oldalzsebesA;52/110;1388454652;1;Aktív;;;;;;;;0
1;HGA Biomed, Kap, Jutai 50.;HGA Biomed, Kap, Jutai 50.;;0024;Németh-Kovacs;Zsanett;;Rövid ujjú Póló, fehér, KSZ, A;3X;2021190852;1;Aktív;;;;;;;;0
1;HGA Biomed, Kap, Jutai 50.;HGA Biomed, Kap, Jutai 50.;;0024;Németh-Kovacs;Zsanett;;Kazak, unisex, fehér, oldalzsebes;XL;2008805960;1;Aktív;;;;;;;;0
1;HGA Biomed, Kap, Jutai 50.;HGA Biomed, Kap, Jutai 50.;;0024;Németh-Kovacs;Zsanett;;Rövid ujjú Póló, fehér, KSZ, A;3X;2022145691;1;Aktív;;;;;;;;0
1;HGA Biomed, Kap, Jutai 50.;HGA Biomed, Kap, Jutai 50.;;0024;Németh-Kovacs;Zsanett;;Póló, bottlezöld, A;3X;1377597261;1;Aktív;;;;;Udlon ncy;;;0
1;HGA Biomed, Kap, Jutai 50.;HGA Biomed, Kap, Jutai 50.;;0024;Németh-Kovacs;Zsanett;;Női köpeny zöld SM-COLOR, A, KÜ;48/110;1355635244;1;Aktív;;;;;;;;0
1;HGA Biomed, Kap, Jutai 50.;HGA Biomed, Kap, Jutai 50.;;0024;Németh-Kovacs;Zsanett;;Rövid ujjú Póló, fehér, KSZ, A;3X;2022128410;1;Aktív;;;;;;;;0
1;HGA Biomed, Kap, Jutai 50.;HGA Biomed, Kap, Jutai 50.;;0024;Németh-Kovacs;Zsanett;;Póló, bottlezöld, A;3X;1388886729;1;Aktív;;;;;;;;0
1;HGA Biomed, Kap, Jutai 50.;HGA Biomed, Kap, Jutai 50.;;0024;Németh-Kovacs;Zsanett;;Kazak, unisex, fehér, oldalzsebes;XL;2008805977;1;Aktív;;;;;;;;0
1;HGA Biomed, Kap, Jutai 50.;HGA Biomed, Kap, Jutai 50.;;0024;Németh-Kovacs;Zsanett;;Póló, bottlezöld, A;3X;1388888204;1;Aktív;;;;;;;;0
1;HGA Biomed, Kap, Jutai 50.;HGA Biomed, Kap, Jutai 50.;;0024;Németh-Kovacs;Zsanett;;Póló, bottlezöld, A;3X;2031696863;1;Aktív;;;;;;;;0
1;HGA Biomed, Kap, Jutai 50.;HGA Biomed, Kap, Jutai 50.;;0024;Németh-Kovacs;Zsanett;;Rövid ujjú Póló, fehér, KSZ, A;3X;2139890576;1;Aktív;;;;;;;;0
1;HGA Biomed, Kap, Jutai 50.;HGA Biomed, Kap, Jutai 50.;;0024;Németh-Kovacs;Zsanett;;Rövid ujjú Póló, fehér, KSZ, A;3X;2139892044;1;Aktív;;;;;;;;0
1;HGA Biomed, Kap, Jutai 50.;HGA Biomed, Kap, Jutai 50.;;0024;Németh-Kovacs;Zsanett;;Rövid ujjú Póló, fehér, KSZ, A;3X;2140235786;1;Aktív;;;;;;;;0
1;HGA Biomed, Kap, Jutai 50.;HGA Biomed, Kap, Jutai 50.;;0025;Vig-Lévai;Katalin;;Kazak, unisex, fehér, oldalzsebes;;2054976829;1;Aktív;;;;;;;;0
1;HGA Biomed, Kap, Jutai 50.;HGA Biomed, Kap, Jutai 50.;;0025;Vig-Lévai;Katalin;;Kazak, unisex, fehér, oldalzsebes;;2018689475;1;Aktív;;;;;;;;0
1;HGA Biomed, Kap, Jutai 50.;HGA Biomed, Kap, Jutai 50.;;0025;Vig-Lévai;Katalin;;Póló, bottlezöld, A;3X;1388844736;1;Aktív;;;;;;;;0
1;HGA Biomed, Kap, Jutai 50.;HGA Biomed, Kap, Jutai 50.;;0025;Vig-Lévai;Katalin;;Póló, bottlezöld, A;3X;1388885258;1;Aktív;;;;;;;;0
1;HGA Biomed, Kap, Jutai 50.;HGA Biomed, Kap, Jutai 50.;;0025;Vig-Lévai;Katalin;;Póló, bottlezöld, A;3X;2031699819;1;Aktív;;;;;;;;0
1;HGA Biomed, Kap, Jutai 50.;HGA Biomed, Kap, Jutai 50.;;0025;Vig-Lévai;Katalin;;Póló, bottlezöld, A;3X;1388844514;1;Aktív;;;;;;;;0
1;HGA Biomed, Kap, Jutai 50.;HGA Biomed, Kap, Jutai 50.;;0025;Vig-Lévai;Katalin;;N6i nadr., WhiteLine, oldalzsebesA;48/105;2003988354;1;Aktív;;;;;;;;0
1;HGA Biomed, Kap, Jutai 50.;HGA Biomed, Kap, Jutai 50.;;0025;Vig-Lévai;Katalin;;Rövid ujjú Póló, fehér, KSZ, A;;2021026250;1;Aktív;;;;;;;;0
1;HGA Biomed, Kap, Jutai 50.;HGA Biomed, Kap, Jutai 50.;;0025;Vig-Lévai;Katalin;;Női köpeny zöld SM-COLOR, A, KÜ;44/110;1355635107;1;Aktív;;;;;;;;0
1;HGA Biomed, Kap, Jutai 50.;HGA Biomed, Kap, Jutai 50.;;0025;Vig-Lévai;Katalin;;Rövid ujjú Póló, fehér, KSZ, A;;2021330999;1;Aktív;;;;;;;;0
1;HGA Biomed, Kap, Jutai 50.;HGA Biomed, Kap, Jutai 50.;;0025;Vig-Lévai;Katalin;;Női nadrág zöld, SM-COLOR, A, KÜ;48/105;1356381027;1;Aktív;;;;;;;;0
1;HGA Biomed, Kap, Jutai 50.;HGA Biomed, Kap, Jutai 50.;;0025;Vig-Lévai;Katalin;;Rövid ujjú Póló, fehér, KSZ, A;XX;2021331651;1;Aktív;;;;;;;;0
1;HGA Biomed, Kap, Jutai 50.;HGA Biomed, Kap, Jutai 50.;;0025;Vig-Lévai;Katalin;;Rövid ujjú Póló, fehér, KSZ, A;;2020708416;1;Aktív;;;;;;;;0
1;HGA Biomed, Kap, Jutai 50.;HGA Biomed, Kap, Jutai 50.;;0025;Vig-Lévai;Katalin;;Női nadrág, WhiteLine, oldalzsebesA;48/105;1373721417;1;Aktív;;;;;;;;0
1;HGA Biomed, Kap, Jutai 50.;HGA Biomed, Kap, Jutai 50.;;0025;Vig-Lévai;Katalin;;Rövid ujjú Póló, fehér, KSZ, A;XX;2021138809;1;Aktív;;;;;;;;0
1;HGA Biomed, Kap, Jutai 50.;HGA Biomed, Kap, Jutai 50.;;0025;Vig-Lévai;Katalin;;Kazak, unisex, fehér, oldalzsebes;;2008806998;1;Aktív;;;;;;;;0
1;HGA Biomed, Kap, Jutai 50.;HGA Biomed, Kap, Jutai 50.;;0025;Vig-Lévai;Katalin;;Kazak, unisex, fehér, oldalzsebes;;2008069058;1;Aktív;;;;;;;;0
1;HGA Biomed, Kap, Jutai 50.;HGA Biomed, Kap, Jutai 50.;;0025;Vig-Lévai;Katalin;;Kazak, unisex, fehér, oldalzsebes;;2008065647;1;Aktív;;;;;;;;0
1;HGA Biomed, Kap, Jutai 50.;HGA Biomed, Kap, Jutai 50.;;0025;Vig-Lévai;Katalin;;Póló, bottlezöld, A;;1368306025;1;Aktív;;;;;;;;0
1;HGA Biomed, Kap, Jutai 50.;HGA Biomed, Kap, Jutai 50.;;0026;Kissne;Fehér Andrea;;Női nadrág zöld, SM-COLOR, A, KÜ;48/110;1356814044;1;Aktív;;;;;;;;0
1;HGA Biomed, Kap, Jutai 50.;HGA Biomed, Kap, Jutai 50.;;0026;Kissne;Fehér Andrea;;Női nadrág zöld, SM-COLOR, A, KÜ;48/110;1356813689;1;Aktív;;;;;;;;0
1;HGA Biomed, Kap, Jutai 50.;HGA Biomed, Kap, Jutai 50.;;0026;Kissne;Fehér Andrea;;Női köpeny zoldSM-COLOR, A, KÜ;44/110;2035456753;1;Aktív;;;;;;;;0
1;HGA Biomed, Kap, Jutai 50.;HGA Biomed, Kap, Jutai 50.;;0026;Kissne;Fehér Andrea;;Női köpeny zöld SM-COLOR, A, KÜ;44/110;1357061829;1;Aktív;;;;;;;;0
1;HGA Biomed, Kap, Jutai 50.;HGA Biomed, Kap, Jutai 50.;;0026;Kissne;Fehér Andrea;;Női nadrág, WhiteLine, oldalzsebesA;48/110;2122725878;1;Aktív;;;;;;;;0
1;HGA Biomed, Kap, Jutai 50.;HGA Biomed, Kap, Jutai 50.;;0026;Kissne;Fehér Andrea;;Női nadrág, WhiteLine, oldalzsebesA48/110;48/110;2122728404;1;Aktív;;;;;;;;0
1;HGA Biomed, Kap, Jutai 50.;HGA Biomed, Kap, Jutai 50.;;0026;Kissne;Fehér Andrea;;Női nadrág, WhiteLine, oldalzsebesA;48/110;2122725946;1;Aktív;;;;;;;;0
1;HGA Biomed, Kap, Jutai 50.;HGA Biomed, Kap, Jutai 50.;;0026;Kissne;Fehér Andrea;;Női köpeny WhiteLine oldalzsebesA;44/110;2037503097;1;Aktív;;;;;;;;0
1;HGA Biomed, Kap, Jutai 50.;HGA Biomed, Kap, Jutai 50.;;0026;Kissne;Fehér Andrea;;Női köpeny WhiteLine oldalzsebesA;44/110;2034739505;1;Aktív;;;;;;;;0
1;HGA Biomed, Kap, Jutai 50.;HGA Biomed, Kap, Jutai 50.;;0026;Kissne;Fehér Andrea;;Női köpeny WhiteLine oldalzsebesA;44/110;2060745839;1;Aktív;;;;;;;;0
1;HGA Biomed, Kap, Jutai 50.;HGA Biomed, Kap, Jutai 50.;;0026;Kissne;Fehér Andrea;;Póló, bottlezöld, A;3X;1388844552;1;Aktív;;;;;;;;0
1;HGA Biomed, Kap, Jutai 50.;HGA Biomed, Kap, Jutai 50.;;0026;Kissne;Fehér Andrea;;Póló, bottlezöld, A;3X;2031699314;1;Aktív;;;;;;;;0
1;HGA Biomed, Kap, Jutai 50.;HGA Biomed, Kap, Jutai 50.;;0026;Kissne;Fehér Andrea;;Póló, bottlezöld, A;3X;1388886347;1;Aktív;;;;;;;;0
1;HGA Biomed, Kap, Jutai 50.;HGA Biomed, Kap, Jutai 50.;;0026;Kissne;Fehér Andrea;;Póló, bottlezöld, A;3X;1388888198;1;Aktív;;;;;;;;0
1;HGA Biomed, Kap, Jutai 50.;HGA Biomed, Kap, Jutai 50.;;0026;Kissne;Fehér Andrea;;Póló, bottlezöld, A;3X;1388844446;1;Aktív;;;;;;;;0
1;HGA Biomed, Kap, Jutai 50.;HGA Biomed, Kap, Jutai 50.;;0026;Kissne;Fehér Andrea;;Rövid ujjú Póló, fehér, KSZ, A;3X;2099671666;1;Aktív;;;;;;;;0
1;HGA Biomed, Kap, Jutai 50.;HGA Biomed, Kap, Jutai 50.;;0026;Kissne;Fehér Andrea;;Rövid ujjú Póló, fehér, KSZ, A;3X;2099817408;1;Aktív;;;;;;;;0
1;HGA Biomed, Kap, Jutai 50.;HGA Biomed, Kap, Jutai 50.;;0026;Kissne;Fehér Andrea;;Rövid ujjú Póló, fehér, KSZ, A;3X;2099817392;1;Aktív;;;;;;;;0
1;HGA Biomed, Kap, Jutai 50.;HGA Biomed, Kap, Jutai 50.;;0026;Kissne;Fehér Andrea;;Rövid ujjú Póló, fehér, KSZ, A;3X;2099667942;1;Aktív;;;;;;;;0
1;HGA Biomed, Kap, Jutai 50.;HGA Biomed, Kap, Jutai 50.;;0026;Kissne;Fehér Andrea;;Rövid ujjú Póló, fehér, KSZ, A;3X;2099817194;1;Aktív;;;;;;;;0
1;HGA Biomed, Kap, Jutai 50.;HGA Biomed, Kap, Jutai 50.;;0027;Szatmáriné Gurgel;Magdolna;;Női köpeny zöld SM-COLOR, A, KÜ;40/110;2028612678;1;Aktív;;;;;;;;0
1;HGA Biomed, Kap, Jutai 50.;HGA Biomed, Kap, Jutai 50.;;0027;Szatmáriné Gurgel;Magdolna;;Női köpeny zöld SM-COLOR, A, KÜ;40/110;2028612722;1;Aktív;;;;;;;;0
1;HGA Biomed, Kap, Jutai 50.;HGA Biomed, Kap, Jutai 50.;;0027;Szatmáriné Gurgel;Magdolna;;Női köpeny WhiteLine oldalzsebesA;40/110;2022028833;1;Aktív;;;;;;;;0
1;HGA Biomed, Kap, Jutai 50.;HGA Biomed, Kap, Jutai 50.;;0027;Szatmáriné Gurgel;Magdolna;;Női köpeny WhiteLine oldalzsebesA;40/110;2050863604;1;Aktív;;;;;;;;0
1;HGA Biomed, Kap, Jutai 50.;HGA Biomed, Kap, Jutai 50.;;0027;Szatmáriné Gurgel;Magdolna;;Női köpeny WhiteLine oldalzsebesA;40/110;1375723358;1;Aktív;;;;;;;;0
1;HGA Biomed, Kap, Jutai 50.;HGA Biomed, Kap, Jutai 50.;;0027;Szatmáriné Gurgel;Magdolna;;Női nadrág zöld, SM-COLOR, A, KÜ;40/110;1356814921;1;Aktív;;;;;;;;0
1;HGA Biomed, Kap, Jutai 50.;HGA Biomed, Kap, Jutai 50.;;0027;Szatmáriné Gurgel;Magdolna;;Női nadrág zöld, SM-COLOR, A, KÜ;40/110;1356813467;1;Aktív;;;;;;;;0
1;HGA Biomed, Kap, Jutai 50.;HGA Biomed, Kap, Jutai 50.;;0027;Szatmáriné Gurgel;Magdolna;;Női nadrág, WhiteLine, oldalzsebesA40/110;40/110;2094051302;1;Aktív;;;;;;;;0
1;HGA Biomed, Kap, Jutai 50.;HGA Biomed, Kap, Jutai 50.;;0027;Szatmáriné Gurgel;Magdolna;;Női nadrág, WhiteLine, oldalzsebesA/;40/110;2074704877;1;Aktív;;;;;;;;0
1;HGA Biomed, Kap, Jutai 50.;HGA Biomed, Kap, Jutai 50.;;0027;Szatmáriné Gurgel;Magdolna;;Női nadrág, WhiteLine, oldalzsebesA;40/110;2081361223;1;Aktív;;;;;;;;0
1;HGA Biomed, Kap, Jutai 50.;HGA Biomed, Kap, Jutai 50.;;0027;Szatmáriné Gurgel;Magdolna;;Póló, bottlezöld, A;XL;2054972104;1;Aktív;;;;;;;;0
1;HGA Biomed, Kap, Jutai 50.;HGA Biomed, Kap, Jutai 50.;;0027;Szatmáriné Gurgel;Magdolna;;Póló, bottlezöld, A;XL;2051071336;1;Aktív;;;;;;;;0
1;HGA Biomed, Kap, Jutai 50.;HGA Biomed, Kap, Jutai 50.;;0027;Szatmáriné Gurgel;Magdolna;;Póló, bottlezöld, A;XL;2054974924;1;Aktív;;;;;;;;0
1;HGA Biomed, Kap, Jutai 50.;HGA Biomed, Kap, Jutai 50.;;0027;Szatmáriné Gurgel;Magdolna;;Póló, bottlezöld, A;XL;2054974955;1;Aktív;;;;;;;;0
1;HGA Biomed, Kap, Jutai 50.;HGA Biomed, Kap, Jutai 50.;;0027;Szatmáriné Gurgel;Magdolna;;Póló, bottlezöld, A;XL;2054972586;1;Aktív;;;;;;;;0
1;HGA Biomed, Kap, Jutai 50.;HGA Biomed, Kap, Jutai 50.;;0027;Szatmáriné Gurgel;Magdolna;;Rövid ujjú Póló, fehér, KSZ, A;XL;2095092687;1;Aktív;;;;;;;;0
1;HGA Biomed, Kap, Jutai 50.;HGA Biomed, Kap, Jutai 50.;;0027;Szatmáriné Gurgel;Magdolna;;Rövid ujjú Póló, fehér, KSZ, A;XL;2095090164;1;Aktív;;;;;;;;0
1;HGA Biomed, Kap, Jutai 50.;HGA Biomed, Kap, Jutai 50.;;0027;Szatmáriné Gurgel;Magdolna;;Rövid ujjú Póló, fehér, KSZ, A;XL;2094998102;1;Aktív;;;;;;;;0
1;HGA Biomed, Kap, Jutai 50.;HGA Biomed, Kap, Jutai 50.;;0027;Szatmáriné Gurgel;Magdolna;;Rövid ujjú Póló, fehér, KSZ, A;XL;2095413062;1;Aktív;;;;;;;;0
1;HGA Biomed, Kap, Jutai 50.;HGA Biomed, Kap, Jutai 50.;;0027;Szatmáriné Gurgel;Magdolna;;Rövid ujjú Póló, fehér, KSZ, A;XL;2095092427;1;Aktív;;;;;;;;0
1;HGA Biomed, Kap, Jutai 50.;HGA Biomed, Kap, Jutai 50.;;0028;Szabó;Attiláné;;Női nadrág zöld, SM-COLOR, A, KÜ;48/110;1356814631;1;Aktív;;;;;;;;0
1;HGA Biomed, Kap, Jutai 50.;HGA Biomed, Kap, Jutai 50.;;0028;Szabó;Attiláné;;Női nadrág zöld, SM-COLOR, A, KÜ;48/110;1356814785;1;Aktív;;;;;;;;0
1;HGA Biomed, Kap, Jutai 50.;HGA Biomed, Kap, Jutai 50.;;0028;Szabó;Attiláné;;Női nadrág zöld, SM-COLOR, A, KÜ;48/110;1356813412;1;Aktív;;;;;;;;0
1;HGA Biomed, Kap, Jutai 50.;HGA Biomed, Kap, Jutai 50.;;0028;Szabó;Attiláné;;Női köpeny WhiteLine oldalzsebesA;44/110;2092756490;1;Aktív;;;;;;;;0
1;HGA Biomed, Kap, Jutai 50.;HGA Biomed, Kap, Jutai 50.;;0028;Szabó;Attiláné;;Női köpeny WhiteLine oldalzsebesA;44/110;2031339722;1;Aktív;;;;;;;;0
1;HGA Biomed, Kap, Jutai 50.;HGA Biomed, Kap, Jutai 50.;;0028;Szabó;Attiláné;;Női köpeny WhiteLine oldalzsebesA;44/110;2031125011;1;Aktív;;;;;;;;0
1;HGA Biomed, Kap, Jutai 50.;HGA Biomed, Kap, Jutai 50.;;0028;Szabó;Attiláné;;Női köpeny zöld SM-COLOR, A, KÜ;44/110;2035456807;1;Aktív;;;;;;;;0
1;HGA Biomed, Kap, Jutai 50.;HGA Biomed, Kap, Jutai 50.;;0028;Szabó;Attiláné;;Női köpeny zöld SM-COLOR, A, KÜ;44/110;2035457989;1;Aktív;;;;;;;;0
1;HGA Biomed, Kap, Jutai 50.;HGA Biomed, Kap, Jutai 50.;;0028;Szabó;Attiláné;;Női köpeny zöld SM-COLOR, A, KÜ;44/110;2035456784;1;Aktív;;;;;;;;0
1;HGA Biomed, Kap, Jutai 50.;HGA Biomed, Kap, Jutai 50.;;0028;Szabó;Attiláné;;Póló, bottlezöld, A;XL;2054970063;1;Aktív;;;;;;;;0
1;HGA Biomed, Kap, Jutai 50.;HGA Biomed, Kap, Jutai 50.;;0028;Szabó;Attiláné;;Póló, bottlezöld, A;XL;2054973477;1;Aktív;;;;;;;;0
1;HGA Biomed, Kap, Jutai 50.;HGA Biomed, Kap, Jutai 50.;;0028;Szabó;Attiláné;;Póló, bottlezöld, A Ni;XL;2054972630;1;Aktív;;;;;;;;0
1;HGA Biomed, Kap, Jutai 50.;HGA Biomed, Kap, Jutai 50.;;0028;Szabó;Attiláné;;nadr., WhiteLine, oldalzsebes;48/110;1340421272;1;Aktív;;;;;;;;0
1;HGA Biomed, Kap, Jutai 50.;HGA Biomed, Kap, Jutai 50.;;0028;Szabó;Attiláné;;Rövid ujjú Póló, fehér, KSZ, A;XL;2095399694;1;Aktív;;;;;;;;0
1;HGA Biomed, Kap, Jutai 50.;HGA Biomed, Kap, Jutai 50.;;0028;Szabó;Attiláné;;Rövid ujjú Póló, fehér, KSZ, A Tanlek;13 89000 15h;2094971280;1;Aktív;;;;;;;;0
1;HGA Biomed, Kap, Jutai 50.;HGA Biomed, Kap, Jutai 50.;;0028;Szabó;Attiláné;;SxL;;1378036102;1;Aktív;;;;;;;;0
1;HGA Biomed, Kap, Jutai 50.;HGA Biomed, Kap, Jutai 50.;;0028;Szabó;Attiláné;;nadr., WhiteLine, oldalzsebes;48/110;2086358440;1;Aktív;;;;;;;;0
1;HGA Biomed, Kap, Jutai 50.;HGA Biomed, Kap, Jutai 50.;;0028;Szabó;Attiláné;;Rövid ujjú Póló, fehér, KSZ, A N6i;XL;2119591592;1;Aktív;;;;;;;;0
1;HGA Biomed, Kap, Jutai 50.;HGA Biomed, Kap, Jutai 50.;;0028;Szabó;Attiláné;;nadr., WhiteLine, oldalzsebes;48/110;2116371210;1;Aktív;;;;;;;;0
1;HGA Biomed, Kap, Jutai 50.;HGA Biomed, Kap, Jutai 50.;;0029;Mányokiné Varró;Veronika;;Női nadrág, WhiteLine, oldalzsebesA;44/110;2122728077;1;Aktív;;;;;;;;0
1;HGA Biomed, Kap, Jutai 50.;HGA Biomed, Kap, Jutai 50.;;0029;Mányokiné Varró;Veronika;;Női nadrág, WhiteLine, oldalzsebesA;44/110;2122452866;1;Aktív;;;;;;;;0
1;HGA Biomed, Kap, Jutai 50.;HGA Biomed, Kap, Jutai 50.;;0029;Mányokiné Varró;Veronika;;Női nadrág, WhiteLine, oldalzsebesA;44/110;2122453931;1;Aktív;;;;;;;;0
1;HGA Biomed, Kap, Jutai 50.;HGA Biomed, Kap, Jutai 50.;;0029;Mányokiné Varró;Veronika;;Női nadrág zöld, SM-COLOR, A, KÜ;44/110;1356814914;1;Aktív;;;;;;;;0
1;HGA Biomed, Kap, Jutai 50.;HGA Biomed, Kap, Jutai 50.;;0029;Mányokiné Varró;Veronika;;Női nadrág zöld, SM-COLOR, A, KÜ;44/110;1356380921;1;Aktív;;;;;;;;0
1;HGA Biomed, Kap, Jutai 50.;HGA Biomed, Kap, Jutai 50.;;0029;Mányokiné Varró;Veronika;;Női nadrág zöld, SM-COLOR, A, KÜ;44/110;1356813658;1;Aktív;;;;;;;;0
1;HGA Biomed, Kap, Jutai 50.;HGA Biomed, Kap, Jutai 50.;;0029;Mányokiné Varró;Veronika;;Női köpeny WhiteLine oldalzsebesA;40/110;2034739796;1;Aktív;;;;;;;;0
1;HGA Biomed, Kap, Jutai 50.;HGA Biomed, Kap, Jutai 50.;;0029;Mányokiné Varró;Veronika;;Női köpeny WhiteLine oldalzsebesA;40/110;2035139496;1;Aktív;;;;;;;;0
1;HGA Biomed, Kap, Jutai 50.;HGA Biomed, Kap, Jutai 50.;;0029;Mányokiné Varró;Veronika;;Női köpeny WhiteLine oldalzsebesA;40/110;2008532569;1;Aktív;;;;;;;;0
1;HGA Biomed, Kap, Jutai 50.;HGA Biomed, Kap, Jutai 50.;;0029;Mányokiné Varró;Veronika;;Női köpeny zöld SM-COLOR, A, KÜ;40/110;2028612814;1;Aktív;;;;;;;;0
1;HGA Biomed, Kap, Jutai 50.;HGA Biomed, Kap, Jutai 50.;;0029;Mányokiné Varró;Veronika;;Női köpeny zöld SM-COLOR, A, KÜ;40/110;2028612760;1;Aktív;;;;;;;;0
1;HGA Biomed, Kap, Jutai 50.;HGA Biomed, Kap, Jutai 50.;;0029;Mányokiné Varró;Veronika;;Női köpeny zöld SM-COLOR, A, KÜ;40/110;2028612777;1;Aktív;;;;;;;;0
1;HGA Biomed, Kap, Jutai 50.;HGA Biomed, Kap, Jutai 50.;;0029;Mányokiné Varró;Veronika;;Rövid ujjú Póló, fehér, KSZ, A;;2094996405;1;Aktív;;;;;;;;0
1;HGA Biomed, Kap, Jutai 50.;HGA Biomed, Kap, Jutai 50.;;0029;Mányokiné Varró;Veronika;;Rövid ujjú Póló, fehér, KSZ, A;;2095090393;1;Aktív;;;;;;;;0
1;HGA Biomed, Kap, Jutai 50.;HGA Biomed, Kap, Jutai 50.;;0029;Mányokiné Varró;Veronika;;Rövid ujjú Póló, fehér, KSZ, A;;2095285850;1;Aktív;;;;;;;;0
1;HGA Biomed, Kap, Jutai 50.;HGA Biomed, Kap, Jutai 50.;;0029;Mányokiné Varró;Veronika;;Póló, bottlezöld, A;;2031699536;1;Aktív;;;;;;;;0
1;HGA Biomed, Kap, Jutai 50.;HGA Biomed, Kap, Jutai 50.;;0029;Mányokiné Varró;Veronika;;Póló, bottlezöld, A;;2077922124;1;Aktív;;;;;;;;0
1;HGA Biomed, Kap, Jutai 50.;HGA Biomed, Kap, Jutai 50.;;0029;Mányokiné Varró;Veronika;;Póló, bottlezöld, A;;2041190405;1;Aktív;;;;;;;;0
1;HGA Biomed, Kap, Jutai 50.;HGA Biomed, Kap, Jutai 50.;;0030;Koleszár;Franciska;;Rövid ujjú Póló, fehér, KSZ, A;XL;2094993534;1;Aktív;;;;;;;;0
1;HGA Biomed, Kap, Jutai 50.;HGA Biomed, Kap, Jutai 50.;;0030;Koleszár;Franciska;;Rövid ujjú Póló, fehér, KSZ, A;XL;2119593657;1;Aktív;;;;;;;;0
1;HGA Biomed, Kap, Jutai 50.;HGA Biomed, Kap, Jutai 50.;;0030;Koleszár;Franciska;;Rövid ujjú Póló, fehér, KSZ, A;XL;2139992997;1;Aktív;;;;;;;;0
1;HGA Biomed, Kap, Jutai 50.;HGA Biomed, Kap, Jutai 50.;;0030;Koleszár;Franciska;;Póló, bottlezöld, A;XL;2099879369;1;Aktív;;;;;;;;0
1;HGA Biomed, Kap, Jutai 50.;HGA Biomed, Kap, Jutai 50.;;0030;Koleszár;Franciska;;Póló, bottlezöld, A;XL;2099879987;1;Aktív;;;;;;;;0
1;HGA Biomed, Kap, Jutai 50.;HGA Biomed, Kap, Jutai 50.;;0030;Koleszár;Franciska;;Póló, bottlezöld, A Noi;XL;2099491448;1;Aktív;;;;;;;;0
1;HGA Biomed, Kap, Jutai 50.;HGA Biomed, Kap, Jutai 50.;;0030;Koleszár;Franciska;;nadr., WhiteLine, oldalzsebes;52/110;2080251808;1;Aktív;;;;;;;;0
1;HGA Biomed, Kap, Jutai 50.;HGA Biomed, Kap, Jutai 50.;;0030;Koleszár;Franciska;;nadr., WhiteLine, oldalzsebes Noi;52/110;1388285393;1;Aktív;;;;;;;;0
1;HGA Biomed, Kap, Jutai 50.;HGA Biomed, Kap, Jutai 50.;;0030;Koleszár;Franciska;;nadr., WhiteLine, oldalzsebes;52/110;1377177289;1;Aktív;;;;;;;;0
1;HGA Biomed, Kap, Jutai 50.;HGA Biomed, Kap, Jutai 50.;;0030;Koleszár;Franciska;;Női nadrág zöld, SM-COLOR, A, KÜ;52/110;1355810290;1;Aktív;;;;;;;;0
1;HGA Biomed, Kap, Jutai 50.;HGA Biomed, Kap, Jutai 50.;;0030;Koleszár;Franciska;;Női nadrág zöld, SM-COLOR, A, KÜ;52/110;1355810313;1;Aktív;;;;;;;;0
1;HGA Biomed, Kap, Jutai 50.;HGA Biomed, Kap, Jutai 50.;;0030;Koleszár;Franciska;;Női nadrág zöld, SM-COLOR, A, KÜ sed hopey;52/110 13 53 42 49 63;1355810368;1;Aktív;;;;;;;;0
2;HGA Biomed, Kap, Nagygát utca 1;HGA Biomed, Kap, Nagygát utca 1;;0083;Tartalék (Nagygát u.);;;Heher Xopewy;;157441401;1;Aktív;;;;;VENOEE 6;;;0
2;HGA Biomed, Kap, Nagygát utca 1;HGA Biomed, Kap, Nagygát utca 1;;0083;Tartalék (Nagygát u.);;;Fener Kopey;56 ( MO;200419170;1;Aktív;;;;;;;;0
2;HGA Biomed, Kap, Nagygát utca 1;HGA Biomed, Kap, Nagygát utca 1;;0083;Tartalék (Nagygát u.);;;fehér kepet;SIMO;1325289866;1;Aktív;;;;;;;;0
2;HGA Biomed, Kap, Nagygát utca 1;HGA Biomed, Kap, Nagygát utca 1;;0083;Tartalék (Nagygát u.);;;fehér kspey pzluo;;1540068902;1;Aktív;;;;;;;;0
2;HGA Biomed, Kap, Nagygát utca 1;HGA Biomed, Kap, Nagygát utca 1;;0083;Tartalék (Nagygát u.);;;fehér ren;76/Mo;204199242;1;Aktív;;;;;;;;0
2;HGA Biomed, Kap, Nagygát utca 1;HGA Biomed, Kap, Nagygát utca 1;;0083;Tartalék (Nagygát u.);;;2140130616 2140270008 2124685279 2051071589 2124685286 2140268531;2051074887 2122262120 2051073699;2055343675;1;Aktív;;;;;2028511261 1372760240 2028511285 2033117038;;;0
2;HGA Biomed, Kap, Nagygát utca 1;HGA Biomed, Kap, Nagygát utca 1;;0083;Tartalék (Nagygát u.);;;2140130616 2140270008 2124685279 2051071589 2124685286 2140268531;2051074887 2122262120 2051073699;2028511261;1;Aktív;;;;;1372760240 2028511285 2033117038;;;0
2;HGA Biomed, Kap, Nagygát utca 1;HGA Biomed, Kap, Nagygát utca 1;;0083;Tartalék (Nagygát u.);;;2140130616 2140270008 2124685279 2051071589 2124685286 2140268531;2051074887 2122262120 2051073699;1372760240;1;Aktív;;;;;2028511261 2028511285 2033117038;;;0
2;HGA Biomed, Kap, Nagygát utca 1;HGA Biomed, Kap, Nagygát utca 1;;0083;Tartalék (Nagygát u.);;;2140130616 2140270008 2124685279 2051071589 2124685286 2140268531;2051074887 2122262120 2051073699;2028511285;1;Aktív;;;;;2028511261 1372760240 2033117038;;;0
2;HGA Biomed, Kap, Nagygát utca 1;HGA Biomed, Kap, Nagygát utca 1;;0083;Tartalék (Nagygát u.);;;2140130616 2140270008 2124685279 2051071589 2124685286 2140268531;2051074887 2122262120 2051073699;1355221737;1;Aktív;;;;;2028511261 1372760240 2028511285 2033117038;;;0
2;HGA Biomed, Kap, Nagygát utca 1;HGA Biomed, Kap, Nagygát utca 1;;0083;Tartalék (Nagygát u.);;;2140130616 2140270008 2124685279 2051071589 2124685286 2140268531;2051074887 2122262120 2051073699;2122301249;1;Aktív;;;;;2028511261 1372760240 2028511285 2033117038;;;0
2;HGA Biomed, Kap, Nagygát utca 1;HGA Biomed, Kap, Nagygát utca 1;;0083;Tartalék (Nagygát u.);;;2140130616 2140270008 2124685279 2051071589 2124685286 2140268531;2051074887 2122262120 2051073699;212230218;1;Aktív;;;;;2028511261 1372760240 2028511285 2033117038;;;0
2;HGA Biomed, Kap, Nagygát utca 1;HGA Biomed, Kap, Nagygát utca 1;;0083;Tartalék (Nagygát u.);;;2140130616 2140270008 2124685279 2051071589 2124685286 2140268531;2051074887 2122262120 2051073699;2033117038;1;Aktív;;;;;2028511261 1372760240 2028511285;;;0
2;HGA Biomed, Kap, Nagygát utca 1;HGA Biomed, Kap, Nagygát utca 1;;0083;Tartalék (Nagygát u.);;;2140270008 2124685279 2051071589 2124685286 2140268531;2051074887 2122262120 2051073699;2140130616;1;Aktív;;;;;2028511261 1372760240 2028511285 2033117038;;;0
2;HGA Biomed, Kap, Nagygát utca 1;HGA Biomed, Kap, Nagygát utca 1;;0083;Tartalék (Nagygát u.);;;2140130616 2124685279 2051071589 2124685286 2140268531;2051074887 2122262120 2051073699;2140270008;1;Aktív;;;;;2028511261 1372760240 2028511285 2033117038;;;0
2;HGA Biomed, Kap, Nagygát utca 1;HGA Biomed, Kap, Nagygát utca 1;;0083;Tartalék (Nagygát u.);;;2140130616 2140270008 2051071589 2124685286 2140268531;2051074887 2122262120 2051073699;2124685279;1;Aktív;;;;;2028511261 1372760240 2028511285 2033117038;;;0
2;HGA Biomed, Kap, Nagygát utca 1;HGA Biomed, Kap, Nagygát utca 1;;0083;Tartalék (Nagygát u.);;;2140130616 2140270008 2124685279 2124685286 2140268531;2051074887 2122262120 2051073699;2051071589;1;Aktív;;;;;2028511261 1372760240 2028511285 2033117038;;;0
2;HGA Biomed, Kap, Nagygát utca 1;HGA Biomed, Kap, Nagygát utca 1;;0083;Tartalék (Nagygát u.);;;2140130616 2140270008 2124685279 2051071589 2140268531;2051074887 2122262120 2051073699;2124685286;1;Aktív;;;;;2028511261 1372760240 2028511285 2033117038;;;0
2;HGA Biomed, Kap, Nagygát utca 1;HGA Biomed, Kap, Nagygát utca 1;;0083;Tartalék (Nagygát u.);;;2140130616 2140270008 2124685279 2051071589 2124685286 2140268531;2122262120 2051073699;2051074887;1;Aktív;;;;;2028511261 1372760240 2028511285 2033117038;;;0
2;HGA Biomed, Kap, Nagygát utca 1;HGA Biomed, Kap, Nagygát utca 1;;0083;Tartalék (Nagygát u.);;;2140130616 2140270008 2124685279 2051071589 2124685286 2140268531;2051074887 2051073699;2122262120;1;Aktív;;;;;2028511261 1372760240 2028511285 2033117038;;;0
2;HGA Biomed, Kap, Nagygát utca 1;HGA Biomed, Kap, Nagygát utca 1;;0083;Tartalék (Nagygát u.);;;2140130616 2140270008 2124685279 2051071589 2124685286 2140268531;2051074887 2122262120 2051073699;2045392942;1;Aktív;;;;;2028511261 1372760240 2028511285 2033117038;;;0
2;HGA Biomed, Kap, Nagygát utca 1;HGA Biomed, Kap, Nagygát utca 1;;0083;Tartalék (Nagygát u.);;;2140130616 2140270008 2124685279 2051071589 2124685286;2051074887 2122262120 2051073699;2140268531;1;Aktív;;;;;2028511261 1372760240 2028511285 2033117038;;;0
2;HGA Biomed, Kap, Nagygát utca 1;HGA Biomed, Kap, Nagygát utca 1;;0083;Tartalék (Nagygát u.);;;2140130616 2140270008 2124685279 2051071589 2124685286 2140268531;2051074887 2122262120;2051073699;1;Aktív;;;;;2028511261 1372760240 2028511285 2033117038;;;0
2;HGA Biomed, Kap, Nagygát utca 1;HGA Biomed, Kap, Nagygát utca 1;;0083;Tartalék (Nagygát u.);;;Fhel- kpRn 56 /MA 2032184214;;2032184214;1;Aktív;;;;;;;;0
1;HGA Biomed, Kap, Jutai 50.;HGA Biomed, Kap, Jutai 50.;;0032;Berend;Bence;;Férfi nadrág, WhiteLine, zsebes, A;52/105;2099335759;1;Aktív;;;;;CZEBEI LAJOS;;;0
1;HGA Biomed, Kap, Jutai 50.;HGA Biomed, Kap, Jutai 50.;;0032;Berend;Bence;;Rövid ujjú Póló, fehér, KSZ, A;L;2095039927;1;Aktív;;;;;CZEBEI LAJOS;;;0
1;HGA Biomed, Kap, Jutai 50.;HGA Biomed, Kap, Jutai 50.;;0032;Berend;Bence;;Póló, bottlezöld, A;L;2052865873;1;Aktív;;;;;CZEBEI LAJOS;;;0
1;HGA Biomed, Kap, Jutai 50.;HGA Biomed, Kap, Jutai 50.;;0032;Berend;Bence;;Póló, bottlezöld, A;L;2040562159;1;Aktív;;;;;PÁL PÉTER;;;0
1;HGA Biomed, Kap, Jutai 50.;HGA Biomed, Kap, Jutai 50.;;0032;Berend;Bence;;Férfi nadrág, WhiteLine, zsebes, A;52/105;2060432876;1;Aktív;;;;;FARKAS ZOLTÁN;;;0
1;HGA Biomed, Kap, Jutai 50.;HGA Biomed, Kap, Jutai 50.;;0032;Berend;Bence;;Férfi köpeny, zöld, SM-COLOR, B1, KÜ;52/110;2028513678;1;Aktív;;;;;PÁL PÉTER;;;0
1;HGA Biomed, Kap, Jutai 50.;HGA Biomed, Kap, Jutai 50.;;0032;Berend;Bence;;Póló, bottlezöld, A;L;2052968253;1;Aktív;;;;;CZEBEI LAJOS;;;0
1;HGA Biomed, Kap, Jutai 50.;HGA Biomed, Kap, Jutai 50.;;0032;Berend;Bence;;Póló, bottlezöld, A;L;2053156284;1;Aktív;;;;;CZEBEI LAJOS;;;0
1;HGA Biomed, Kap, Jutai 50.;HGA Biomed, Kap, Jutai 50.;;0032;Berend;Bence;;Deréknadrág, zöld, SM-COLOR, A, KÜ;52/105;2068574685;1;Aktív;;;;;CZEBEI LAJOS;;;0
